智能电网研究员（广州、南京）,20-30k·14薪,南京-栖霞区,5-10年,硕士及以上,职责描述：1、跟踪智能电网技术发展方向，收集电力系统相关标准，确保公司产品符合规范；2、研究业务关键技术，提出系统解决方案，保证公司产品和项目的可行性；3、提出公司新产品方向，分析产品技术与经济可行性，编制产品规划方案报告；4、编制产品的开发方案，制定产品的实现路线；5、指导系统分析师完成产品需求分析和系统设计工作；6、为开发团队提供业务培训，指导核心模块的设计与开发；7、与客户进行技术交流，收集客户项目需求，引导客户关注公司产品，针对客户问题提出系统解决方案；8、协助科技项目专利、论文、技术报告等交付物编写。任职要求：1、熟悉电网企业生产运营关键技术，具有电力关键技术的集成应用经验，熟悉电力发展、新能源、智能电网等前沿科技以及技术发展状况，具有较强的专业技术及科研开发能力；2、熟悉企业信息架构技术，具有大型软件系统设计能力，具有智能电网相关领域研究或工程应用项目背景；3、具有在国内外****、科研院所、企业技术研究机构从事电力科研2年及以上工作经历；4、具有电力系统或计算机相关专业硕士研究生及以上学历;5、有较强的市场调研和分析能力，文字功底扎实，有较强的语言表达能力及沟通能力；6、良好的团队合作精神和敬业精神；7、具有大型电力调度/集控/变电站监控系统设计和研发经验优先。
能源互联网规划专家（base：北京、南京）,50-70k·15薪,南京,10年以上,统招本科,岗位职责： 1.跟踪、分析、研究能源行互联网（包含但不限于新能源、新一代电力系统、能源数字化转型、能源物联网、综合能源、储能等）的发展趋势和前沿动向2.负责能源互联网的应用场景和需求分析，分析客户业务场景和痛点需求，把握业界动态及技术方向，分析关键技术及价值产品，输出相关报告3.负责能源互联网领域创新性方案或产品的规划开发，负责相关方案/产品对外合作的拓展、交流及合作产品引入4.参与能源领域应用场景对云网需求的分析，与公司其他通信、IT等产品线对接，驱动成熟产品功能演进或新产品规划开发，满足能源领域方案场景关键需求5. 组织内部技术和需求讨论、方案开发过程中出现的各种疑难问题，并协调内外部相关部门的协调工作6.参与能源行业标准及联盟组织的相关规范、标准的制定和研究报告输出任职资格：1.熟悉电力行业领域的信息化、自动化、通信系统，熟悉智能电网、能源互联网、智慧能源、新一代电力系统、能源物联网、新能源等行业热点概念，有相关项目经验。 2.了解5G网络及技术、无线通信、核心网、承载网、云计算、边缘计算、智能网关、大型软件系统等产品技术或其中之一的，具备电力行业结合ICT融合的解决方案开发能力及产品开发经验者优先；3.有能源电力行业相关行业从业经历者优先，优选新能源、能源物联网、智能电网等领域知名厂商相关工作经历者；4.适应较为频繁的短期出差。
集团精益管理负责人,20-30k·15薪,苏州-吴江区,1-3年,大专及以上,【集团简介】亨通集团，成立于1991年，是中国光纤光网、智能电网、大数据物联网、新能源、新材料等领域的国际化高科技企业，拥有全资及控股公司70余家（其中3家公司在境外上市），在全国13个省份、全球11个国家和地区设立产业基地，业务覆盖世界100多个国家及地区。荣膺全球光纤通信前3强、全球海洋通信与能源互联前4强、中国企业500强、中国民企100强，营收千亿级企业。【岗位情况】一、岗位及基本要求1.职位：集团总部精益管理负责人2.学历专业：全日制专科及以上学历，工业工程专业优先；3.专业能力要求：对精益改善、项目管理、生产管理熟悉，能自主开展改善推进工作；4.管理能力要求：对团队建设、沟通交流、问题解决熟悉，能自主开展管理推进工作。二、工作职责1.制订和完善集团精益推进规划，推进亨通生产方式体系建设，在集团各层级树立精益管理的思想和管理文化；2.制定年度精益化推进目标，协同运营监管与考核部门，落实对各公司精益省成本、降库存等各类考核指标；3.建设及完善精益化效能评估体系，逐步形成集团化精益运营管理模式；4.指导各产业集团、各公司制订精益管理工作的规划及目标，建立精益管理的专项课题；5.导入各类精益生产的管理流程、制度、工具和模板，融合国内外标杆公司精益最佳实践，指导各公司布局优化、目视化标准化推进，提升现场管理水平；6.各类精益人才的培养，如精益评估师、中级精益师、精益内训师、应知应会人才等；7.不断对集团各公司精益管理进行总结、分析和评估，推广有益经验；8.负责领导交办的其他工作。
Account Manager,10-30k,苏州-相城区,3-5年,本科及以上,职责描述：1、负责客户的发掘、销售工作，要求和目标客户建立良好关系，挖掘客户对低功耗物联网芯片和方案的需求，高效、灵活地完成销售任务；2、负责客户的维护、服务工作，要求和客户保持良好的合作关系，进行科学的客户关系管理，及时有效地为客户提供高品质服务以保证客户满意度；3、协助BD总监起草制订符合公司发展目标的营销战略、销售模式；4、制定销售方案并组织实施，力保销售计划完成；5、编制每年季月的销售和预算报告；每季度提交市场分析报告，在报告中对市场动态、发展趋势进行分析，并明确工作方向和进度；6、把握市场动态，对同业、客户、市场环境进行调研，对产品市场的销售潜力进行调查和分析，及时根据市场发展趋势调整、改进工作的方向和进度。岗位要求：1、本科及以上，2~5年工作经验，形象良好；2、有助力传统企业数字化升级热情，有主动深挖传统行业痛点需求的意愿和能力，有对“应用定义芯片”理念的了解和认同，有现代物流、大宗货物仓储、智能电网和交通信息化项目工作经历者优先，有芯片代理和方案商工作经历者优先；3、善于与客户建立良好关系，有较强的客户沟通能力、说服能力及客户谈判技巧；4、热爱销售工作，有定制化顾问式销售、大客户销售经验和市场开拓意识；5、思维活跃、分析力强、知识丰富、文笔流畅；6、敬业，工作积极主动，具有抗压能力，有良好的沟通能力及团队合作意识。
产业研究工程师（综合能源管理）,20-30k,苏州-常熟,10年以上,硕士及以上,岗位职责：1、协助新能源产业研究院院长/新能源研发部经理负责综合能源产业研究和趋势研判，协助产业集团在关联领域的投资布局，组织和加强关联领域研发项目寻求、调研论证、立项评审、组织实施、验收总结、推广上市全过程规范管理；2、跟踪海内外行业动态及业务模式变化和发展趋势，提出前瞻性的策略建议，根据业务需要完成专题分析，输出研究报告，支撑新能源产业研究院院长/新能源研发部经理的决策；3、围绕冷、热、电、气、储、充、光伏、风电、氢能、生物质发电等领域，组织进行核心技术研发，并积极组织各级政府研发攻关项目申报；4、协助新能源产业研究院院长/新能源研发部经理整合外部研发资源，加强高校科研院所横向和产业链纵向产学研合作；5、协助新能源产业研究院院长/新能源研发部经理加强与相关行业机构对接、关系维护以及参加各类行业活动；6、协助新能源产业研究院院长/新能源研发部经理进行新能源领域的跨公司、跨板块、跨产业研发工作的协同组织协调和推进实施管理；7、落实领导安排的其他工作。任职资格：1、教育背景：全日制硕士及以上，能源与动力、电力电子、电力自动化等关联专业；2、经验背景： 5年以上有新能源发电、储能及智能微网等领域的行业研发及技术应用经验；有综合能源规划设计、智能微网规划设计工作经验者优先；3、技能要求：熟悉电力发展、新能源、智能电网等前沿科技以及技术发展状况，具有较强的专业技术及科研开发能力；有丰富的高低压输配电专业知识和技能；有较强的市场调研和分析能力，文字功底扎实，有较强的语言表达能力及沟通能力；善于沟通协调，有较强的工作责任心和团队合作精神，适应出差；信息收集、整理及分析能力，PPT和EXCEL等能力；良好的口头表达能力及 沟通能力；优秀的学习能力。4、基本素质：认同亨通文化，责任心强，工作积极主动，有较强的抗压性和组织协调能力。熟练的办公技能、沟通协调团队合作能力、制定计划和执行能力。
研发工程师（综合能源管理）,20-25k·13薪,苏州-常熟,10年以上,硕士及以上,1、协助新能源产业研究院院长/新能源研发部经理负责综合能源产业研究和趋势研判，协助产业集团在关联领域的投资布局，组织和加强关联领域研发项目寻求、调研论证、立项评审、组织实施、验收总结、推广上市全过程规范管理；2、跟踪海内外行业动态及业务模式变化和发展趋势，提出前瞻性的策略建议，根据业务需要完成专题分析，输出研究报告，支撑新能源产业研究院院长/新能源研发部经理的决策；3、围绕冷、热、电、气、储、充、光伏、风电、氢能、生物质发电等领域，组织进行核心技术研发，并积极组织各级政府研发攻关项目申报；4、协助新能源产业研究院院长/新能源研发部经理整合外部研发资源，加强高校科研院所横向和产业链纵向产学研合作；5、协助新能源产业研究院院长/新能源研发部经理加强与相关行业机构对接、关系维护以及参加各类行业活动；6、协助新能源产业研究院院长/新能源研发部经理进行新能源领域的跨公司、跨板块、跨产业研发工作的协同组织协调和推进实施管理；7、落实领导安排的其他工作。
研发工程师（光伏电池）,20-25k·13薪,苏州-常熟,10年以上,硕士及以上,1、协助新能源产业研究院院长/新能源研发部经理加强光伏电池技术的产业研究和趋势研判，协助产业集团在关联领域的投资布局，组织关联领域研发项目寻求、调研论证、立项评审、组织实施、验收总结、推广上市全过程规范管理；2、跟踪海内外行业动态及业务模式变化和发展趋势，提出前瞻性的策略建议，根据业务需要完成专题分析，输出研究报告，支撑新能源产业研究院院长/新能源研发部经理的决策；3、围绕TOPCON、异质结、薄膜光伏、钙钛矿、BIPV光伏建筑一体化等领域，组织进行核心技术研发；4、协助新能源产业研究院院长/新能源研发部经理整合外部研发资源，加强高校科研院所横向和产业链纵向产学研合作；5、协助新能源产业研究院院长/新能源研发部经理加强与相关行业机构对接、关系维护以及参加各类行业活动；6、协助新能源产业研究院院长/新能源研发部经理进行新能源领域的跨公司、跨板块、跨产业研发工作的协同组织协调和推进实施管理；7、落实领导安排的其他工作。
综合能源管理研发工程师,20-25k,苏州-常熟,10年以上,硕士及以上,岗位职责：1、协助新能源产业研究院院长/新能源研发部经理负责综合能源产业研究和趋势研判，协助产业集团在关联领域的投资布局，组织和加强关联领域研发项目寻求、调研论证、立项评审、组织实施、验收总结、推广上市全过程规范管理；2、跟踪海内外行业动态及业务模式变化和发展趋势，提出前瞻性的策略建议，根据业务需要完成专题分析，输出研究报告，支撑新能源产业研究院院长/新能源研发部经理的决策；3、围绕冷、热、电、气、储、充、光伏、风电、氢能、生物质发电等领域，组织进行核心技术研发，并积极组织各级政府研发攻关项目申报；4、协助新能源产业研究院院长/新能源研发部经理整合外部研发资源，加强高校科研院所横向和产业链纵向产学研合作；5、协助新能源产业研究院院长/新能源研发部经理加强与相关行业机构对接、关系维护以及参加各类行业活动；6、协助新能源产业研究院院长/新能源研发部经理进行新能源领域的跨公司、跨板块、跨产业研发工作的协同组织协调和推进实施管理；7、落实领导安排的其他工作。任职资格：1、教育背景：全日制硕士及以上，能源与动力、电力电子、电力自动化等关联专业；2、经验背景： 5年以上有新能源发电、储能及智能微网等领域的行业研发及技术应用经验；有综合能源规划设计、智能微网规划设计工作经验者优先；3、技能要求：熟悉电力发展、新能源、智能电网等前沿科技以及技术发展状况，具有较强的专业技术及科研开发能力；有丰富的高低压输配电专业知识和技能；有较强的市场调研和分析能力，文字功底扎实，有较强的语言表达能力及沟通能力；善于沟通协调，有较强的工作责任心和团队合作精神，适应出差；信息收集、整理及分析能力，PPT和EXCEL等能力；良好的口头表达能力及 沟通能力；优秀的学习能力。4、基本素质：认同亨通文化，责任心强，工作积极主动，有较强的抗压性和组织协调能力。熟练的办公技能、沟通协调团队合作能力、制定计划和执行能力。
光伏电池研发工程师,20-25k,苏州-常熟,10年以上,硕士及以上,岗位职责：1、协助新能源产业研究院院长/新能源研发部经理加强光伏电池技术的产业研究和趋势研判，协助产业集团在关联领域的投资布局，组织关联领域研发项目寻求、调研论证、立项评审、组织实施、验收总结、推广上市全过程规范管理；2、跟踪海内外行业动态及业务模式变化和发展趋势，提出前瞻性的策略建议，根据业务需要完成专题分析，输出研究报告，支撑新能源产业研究院院长/新能源研发部经理的决策；3、围绕TOPCON、异质结、薄膜光伏、钙钛矿、BIPV光伏建筑一体化等领域，组织进行核心技术研发；4、协助新能源产业研究院院长/新能源研发部经理整合外部研发资源，加强高校科研院所横向和产业链纵向产学研合作；5、协助新能源产业研究院院长/新能源研发部经理加强与相关行业机构对接、关系维护以及参加各类行业活动；6、协助新能源产业研究院院长/新能源研发部经理进行新能源领域的跨公司、跨板块、跨产业研发工作的协同组织协调和推进实施管理；7、落实领导安排的其他工作。任职资格：1、教育背景：全日制硕士及以上，能源与动力、电力电子、电力自动化等关联专业；2、经验背景： 5年以上光伏研发及技术应用经验，有薄膜电池或异质结电池方面经验优先；3、技能要求：熟悉电力发展、新能源、智能电网等前沿科技以及技术发展状况，具有较强的专业技术及科研开发能力；有丰富的高低压输配电专业知识和技能；有较强的市场调研和分析能力，文字功底扎实，有较强的语言表达能力及沟通能力；善于沟通协调，有较强的工作责任心和团队合作精神，适应出差；信息收集、整理及分析能力，PPT和EXCEL等能力；良好的口头表达能力及沟通能力；优秀的学习能力。4、基本素质：认同亨通文化，责任心强，工作积极主动，有较强的抗压性和组织协调能力。熟练的办公技能、沟通协调团队合作能力、制定计划和执行能力。
光伏电池研发工程师,20-25k·13薪,苏州-常熟,3-5年,硕士及以上,1、协助新能源产业研究院院长/新能源研发部经理加强光伏电池技术的产业研究和趋势研判，协助产业集团在关联领域的投资布局，组织关联领域研发项目寻求、调研论证、立项评审、组织实施、验收总结、推广上市全过程规范管理；2、跟踪海内外行业动态及业务模式变化和发展趋势，提出前瞻性的策略建议，根据业务需要完成专题分析，输出研究报告，支撑新能源产业研究院院长/新能源研发部经理的决策；3、围绕TOPCON、异质结、薄膜光伏、钙钛矿、BIPV光伏建筑一体化等领域，组织进行核心技术研发；4、协助新能源产业研究院院长/新能源研发部经理整合外部研发资源，加强高校科研院所横向和产业链纵向产学研合作；5、协助新能源产业研究院院长/新能源研发部经理加强与相关行业机构对接、关系维护以及参加各类行业活动；6、协助新能源产业研究院院长/新能源研发部经理进行新能源领域的跨公司、跨板块、跨产业研发工作的协同组织协调和推进实施管理；7、落实领导安排的其他工作。任职资格：1、教育背景：全日制硕士及以上，能源与动力、电力电子、电力自动化等关联专业；2、经验背景： 5年以上光伏研发及技术应用经验，有薄膜电池或异质结电池方面经验优先；3、技能要求：熟悉电力发展、新能源、智能电网等前沿科技以及技术发展状况，具有较强的专业技术及科研开发能力；有丰富的高低压输配电专业知识和技能；有较强的市场调研和分析能力，文字功底扎实，有较强的语言表达能力及沟通能力；善于沟通协调，有较强的工作责任心和团队合作精神，适应出差；信息收集、整理及分析能力，PPT和EXCEL等能力；良好的口头表达能力及沟通能力；优秀的学习能力。4、基本素质：认同公司文化，责任心强，工作积极主动，有较强的抗压性和组织协调能力。熟练的办公技能、沟通协调团队合作能力、制定计划和执行能力。
能源互联网规划专家,40-60k·15薪,南京,10年以上,硕士及以上,岗位职责：1.跟踪、分析、研究能源行互联网（包含但不限于新能源、新一代电力系统、能源数字化转型、能源物联网、综合能源、储能等）的发展趋势和前沿动向2.负责能源互联网的应用场景和需求分析，分析客户业务场景和痛点需求，把握业界动态及技术方向，分析关键技术及价值产品，输出相关报告3.负责能源互联网领域创新性方案或产品的规划开发，负责相关方案/产品对外合作的拓展、交流及合作产品引入4.参与能源领域应用场景对云网需求的分析，与公司其他通信、IT等产品线对接，驱动成熟产品功能演进或新产品规划开发，满足能源领域方案场景关键需求5. 组织内部技术和需求讨论、方案开发过程中出现的各种疑难问题，并协调内外部相关部门的协调工作6.参与能源行业标准及联盟组织的相关规范、标准的制定和研究报告输出任职资格：1.熟悉电力行业领域的信息化、自动化、通信系统，熟悉智能电网、能源互联网、智慧能源、新一代电力系统、能源物联网、新能源等行业热点概念，有相关项目经验。 2.了解5G网络及技术、无线通信、核心网、承载网、云计算、边缘计算、智能网关、大型软件系统等产品技术或其中之一的，具备电力行业结合ICT融合的解决方案开发能力及产品开发经验者优先；3.有能源电力行业相关行业从业经历者优先，优选新能源、能源物联网、智能电网等领域知名厂商相关工作经历者；4.适应较为频繁的短期出差。
嵌入式软件工程师,15-30k·13薪,南京,3-5年,本科及以上,职责描述：1、 软件模块的需求分析设计，功能模块方案设计，功能模块代码编写；2、 深入理解开发任务后制定开发计划，兼顾开发进度及阶段成果；3、 负责应用软件开发工作，计划时间内确保功能实现与稳定运行；4、 开发过程的程序版本控制；5、 进行质量测试验证，保证设计的稳定性、可靠性，符合量产、现场使用要求等；6、 设计必要的测试工具，提出开发需求；7、 相关开发文档（含生产工艺文件）的编写，保证质量、完整性，进行资料备份；8、 参与产品开发过程中的评审会议。审核方案的可行性、经济性，协助评估并控制项目制造的风险；9、完成上级领导安排的其它任务。任职要求：1、 本科及以上学历，电子、电力、自动化相关专业，5年以上电力行业工作经验，熟悉电力系统自动化和智能电网等相关知识，能够熟练阅读并理解英文技术资料；2、 熟悉MCU及ARM等芯片，精通C语言、嵌入式操作系统及相关应用程序开发；3、 熟练掌握外围硬件驱动的编写，比如通讯芯片、加密芯片、交流采集、SPI通讯、I2C通讯等；4、 熟悉电力终端产品行业通讯协议如1376系列通讯协议、101、104、61850等通讯协议者优先；5、 有嵌入式数据库设计经验者优先，5年以上电子企业研发经验；6、负责或独立设计过集中器、专变终端、DTU、FTU、智能配变终端等终端项目者优先。7、具备良好的业务交流能力和工作协调能力；工作态度积极，工作认真负责，具有团队精神。
产品经理 （储能）,20-30k·15薪,南京,3-5年,本科及以上,1、编写相关的产品需求文档，完成需求文档、应用情景分析、系统设计跟踪、产品设计文案；2、制定产品计划，协调技术合作伙伴开发周期、质量及进度，推动产品的测试及发布推广；3、负责与研发、测试等同事沟通，确保相关人员对产品的充分理解；4、成产品功能手册、宣传手册等产品推广材料的编写；5、用户反馈跟进、数据分析及效果评估，策划后续优化；6、支持销售团队开展售前工作。岗位要求：1、自动化、电子、电力、电气及其相关专业，本科及以上学历，硕士优先，年龄不超35周岁；2、对能源互联网、储能系统、智能电网、电力系统较为熟悉，有独到系统设计想法和见解；3、三年以上相关产品设计及产品管理经验，了解电气相关产品设计相关流程；4、掌握专业的产品管理、设计、策划和推广的知识和技巧；5、较强的沟通协调能力，良好的语言表达能力；6、丰富的海外储能项目经验，优秀的英语口语水平。
智慧能源公司总经理,20-40k,苏州,10年以上,统招本科,本岗位工作地点在浙江湖州长兴县包桥路18号，不接受者勿投简历。职责描述：1.全面负责集团公司分布式能源热、电、冷三联供；园区的多能互补（微能源网）；增量配电网（微电网）；合同能源管理政策研究及整体发展规划。2.负责制订智慧能源项目市场开发策略及相关业务、服务、产品规划；3.负责集团公司智慧能源业务开发流程的建设和完善；4.负责集团公司智慧能源业务拓展，管理和指导集团内项目公司进行智慧能源项目开发，提供技术支持，对项目可行性进行评价和审批；5.负责智慧能源公司团队建设，领导团队实现公司经营目标；6.建立健全事业部的技术、市场、工程、运维等各方面的基础管理体系。任职要求：1.全日制本科及以上学历，热能工程、动力工程、电气工程、暖通等专业，有中、高级职称优先；2.10年以上能源行业管理岗位工作经验；3.对燃气、电力等能源领域宏观环境、政策导向和发展趋势有较强的判断力和认知度；了解分布式能源、电力、光伏、智能电网等行业市场及技术；4.具有丰富的商务谈判技巧，出色的沟通、应变能力，对电力改革、多能互补领域有敏锐的洞察分析能力、项目筛选能力和开发统筹组织能力；5.具备较强的企业管理、组织协调能力；6.在光伏太阳能、风能等能源行业上市企业担任过管理职务，拥有广泛业务资源者优先；7.熟悉智慧能源项目开发和实施流程。任职要求：
智慧能源公司总经理,20-40k,南京,10年以上,统招本科,本岗位工作地点在浙江湖州长兴县包桥路18号，不接受者勿投简历。职责描述：1.全面负责集团公司分布式能源热、电、冷三联供；园区的多能互补（微能源网）；增量配电网（微电网）；合同能源管理政策研究及整体发展规划。2.负责制订智慧能源项目市场开发策略及相关业务、服务、产品规划；3.负责集团公司智慧能源业务开发流程的建设和完善；4.负责集团公司智慧能源业务拓展，管理和指导集团内项目公司进行智慧能源项目开发，提供技术支持，对项目可行性进行评价和审批；5.负责智慧能源公司团队建设，领导团队实现公司经营目标；6.建立健全事业部的技术、市场、工程、运维等各方面的基础管理体系。任职要求：1.全日制本科及以上学历，热能工程、动力工程、电气工程、暖通等专业，有中、高级职称优先；2.10年以上能源行业管理岗位工作经验；3.对燃气、电力等能源领域宏观环境、政策导向和发展趋势有较强的判断力和认知度；了解分布式能源、电力、光伏、智能电网等行业市场及技术；4.具有丰富的商务谈判技巧，出色的沟通、应变能力，对电力改革、多能互补领域有敏锐的洞察分析能力、项目筛选能力和开发统筹组织能力；5.具备较强的企业管理、组织协调能力；6.在光伏太阳能、风能等能源行业上市企业担任过管理职务，拥有广泛业务资源者优先；7.熟悉智慧能源项目开发和实施流程。任职要求：
系统工程师（储电、光伏、现场技术支持3个方向）,15-20k,苏州-吴江区,3-5年,本科及以上,岗位说明书：光伏：1、负责光伏、储能和岸电等新能源的整体对接、协调交付工作负责对市场进行技术支持，包括客户协助沟通、项目现场踏勘等；2、根据市场及客户需求进行项目现场踏勘，并编写相关技术方案；3、负责协助市场进行项目招投标技术方案的审核和拟定；4、负责对接设计院，进行项目可研、初设方案、施工方案的审核和编制；5、负责对接项目施工方，给予施工过程的技术支持和指导；6、负责对项目运维工作的支持和指导；7、完成上级领导交办的其他工作任务。光伏：1、全日制本科以上学历，45周岁以下；2、具有2年及以上光伏方面工作经验；3、熟悉风光发电、智能电网，有光伏系统的设计相关经验；4、熟悉光伏系统的标准和安全规范；5、富有团队合作精神，习惯在快节奏的、富有挑战及创新驱动的氛围中保持上进心储电：1、负责对市场进行技术支持，包括客户协助沟通、项目现场踏勘等；2、根据市场及客户需求进行项目现场踏勘，并编写相关技术方案；3、负责协助市场进行项目招投标技术方案的审核和拟定；4、负责对接设计院，进行项目可研、初设方案、施工方案的审核和编制；5、负责对接项目施工方，给予施工过程的技术支持和指导；6、负责对项目运维工作的支持和指导；7、完成上级领导交办的其他工作任务。储电；任职要求：1、全日制本科以上学历，45周岁以下；2、具有储能系统方面的工作经验，电气工程自动化或其他新能源专业，硕士优先，同时要求具备包含电气系统图绘制、PLC编程能力（非储电也要有经验）；同时具备根据不同系统要求，搭建电气系统的能力；储能系统设计经验不少于2年 ，电气整体系统设计经验不少于4年者优先；承担40MWh以上项目设计经验，注册电气工程师优先；3、熟悉储能系统的标准和安全规范；4、熟悉各类蓄电池安全应用、电池管理系统、充放电均衡；5、富有团队合作精神，习惯在快节奏的、富有挑战及创新驱动的氛围中保持上进心。现场支持：1、负责光伏、储能和岸电等新能源项目现场的整体对接、协调及交付工作；2、负责协调、对接项目施工单位，做好施工单位入场准备、现场施工及后续验收、质保等方面的对接和沟通工作；3、负责完成项目验收及消缺的相关工作；4、负责项目施工过程中的安全、质量等方面的现场监管；5、负责项目运维工作；6、完成上级领导交办的其他工作任务。现场支持：1、全日制本科以上学历，45周岁以下；2、具有电气自动化及其他新能源专业；有40MWh以上项目运维经验；储电系统运维经验不少于2年优先；3、富有团队合作精神，习惯在快节奏的、富有挑战及创新驱动的氛围中保持上进心。
光伏系统工程师,11-20k,苏州-吴江区,3-5年,本科及以上,负责对市场进行技术支持，包括客户协助沟通、项目现场踏勘等；2、根据市场及客户需求进行项目现场踏勘，并编写相关技术方案；3、负责协助市场进行项目招投标技术方案的审核和拟定；4、负责对接设计院，进行项目可研、初设方案、施工方案的审核和编制；5、负责对接项目施工方，给予施工过程的技术支持和指导；6、负责对项目运维工作的支持和指导；7、完成上级领导交办的其他工作任务。
研发工程师（综合能源管理）,20-25k·14薪,苏州,3-5年,硕士及以上,1、协助新能源产业研究院院长/新能源研发部经理负责综合能源产业研究和趋势研判，协助产业集团在关联领域的投资布局，组织和加强关联领域研发项目寻求、调研论证、立项评审、组织实施、验收总结、推广上市全过程规范管理；2、跟踪海内外行业动态及业务模式变化和发展趋势，提出前瞻性的策略建议，根据业务需要完成专题分析，输出研究报告，支撑新能源产业研究院院长/新能源研发部经理的决策；3、围绕冷、热、电、气、储、充、光伏、风电、氢能、生物质发电等领域，组织进行核心技术研发，并积极组织各级政府研发攻关项目申报；4、协助新能源产业研究院院长/新能源研发部经理整合外部研发资源，加强高校科研院所横向和产业链纵向产学研合作；5、协助新能源产业研究院院长/新能源研发部经理加强与相关行业机构对接、关系维护以及参加各类行业活动；6、协助新能源产业研究院院长/新能源研发部经理进行新能源领域的跨公司、跨板块、跨产业研发工作的协同组织协调和推进实施管理；7、落实领导安排的其他工作。任职资格：1、教育背景：全日制硕士及以上，能源与动力、电力电子、电力自动化等关联专业；2、经验背景： 5年以上有新能源发电、储能及智能微网等领域的行业研发及技术应用经验；有综合能源规划设计、智能微网规划设计工作经验者优先；3、技能要求：熟悉电力发展、新能源、智能电网等前沿科技以及技术发展状况，具有较强的专业技术及科研开发能力；有丰富的高低压输配电专业知识和技能；有较强的市场调研和分析能力，文字功底扎实，有较强的语言表达能力及沟通能力；善于沟通协调，有较强的工作责任心和团队合作精神，适应出差；信息收集、整理及分析能力，PPT和EXCEL等能力；良好的口头表达能力及 沟通能力；优秀的学习能力。
研发工程师（光伏电池）,20-25k·14薪,苏州,3-5年,硕士及以上,岗位职责：1、协助新能源产业研究院院长/新能源研发部经理加强光伏电池技术的产业研究和趋势研判，协助产业集团在关联领域的投资布局，组织关联领域研发项目寻求、调研论证、立项评审、组织实施、验收总结、推广上市全过程规范管理；2、跟踪海内外行业动态及业务模式变化和发展趋势，提出前瞻性的策略建议，根据业务需要完成专题分析，输出研究报告，支撑新能源产业研究院院长/新能源研发部经理的决策；3、围绕TOPCON、异质结、薄膜光伏、钙钛矿、BIPV光伏建筑一体化等领域，组织进行核心技术研发；4、协助新能源产业研究院院长/新能源研发部经理整合外部研发资源，加强高校科研院所横向和产业链纵向产学研合作；5、协助新能源产业研究院院长/新能源研发部经理加强与相关行业机构对接、关系维护以及参加各类行业活动；6、协助新能源产业研究院院长/新能源研发部经理进行新能源领域的跨公司、跨板块、跨产业研发工作的协同组织协调和推进实施管理；7、落实领导安排的其他工作。任职资格：1、教育背景：全日制硕士及以上，能源与动力、电力电子、电力自动化等关联专业；2、经验背景： 5年以上光伏研发及技术应用经验，有薄膜电池或异质结电池方面经验优先；3、技能要求：熟悉电力发展、新能源、智能电网等前沿科技以及技术发展状况，具有较强的专业技术及科研开发能力；有丰富的高低压输配电专业知识和技能；有较强的市场调研和分析能力，文字功底扎实，有较强的语言表达能力及沟通能力；善于沟通协调，有较强的工作责任心和团队合作精神，适应出差；信息收集、整理及分析能力，PPT和EXCEL等能力；良好的口头表达能力及沟通能力；优秀的学习能力。
c++高级开发工程师,20-27k·16薪,南京-雨花台区,10年以上,统招本科,岗位职责：1.	负责智能电网领域的综合监控云平台、智能运维系统（集成AI视觉算法、3D、数字孪生等技术应用）软件的设计、开发和维护工作；2.	按集成产品开发流程，参与产品的需求、方案、开发、测试和履约过程；3.	能独立完成功能和模块的开发工作；4.	能独立完成方案、报告等文档的编写工作；5.	能独立解决产品运行中发现的问题，并对问题的原因、影响进行分析并给出解决方案；6.	技术难题攻关，代码审查；7.	对行业趋势和动态进行关注和跟踪，了解专业知识/技术的发展方向。任职要求：1、本科及以上学历，计算机、软件工程、信息工程、通讯工程、自动化、电子工程、精密仪器、电气工程等专业；2、精通C++/C语言，熟悉C++11及以上标准。能熟练使用其它编程语言更佳，如Java、Python、JavaScript、Node.js和Go等；3、有Qt/Boost/OpenCV等一些第三方开源库使用经验，能快速掌握第三方开源库的使用；4、能熟练使用一些常用的数据结构和算法；5、掌握并能灵活运用一些常用的设计模式；6、有一定的代码重构经验；7、熟练使用Linux、Windows操作系统，了解操作系统基本原理，有嵌入式软件开发经验更佳。
进站博士,18-25k,苏州-相城区,经验不限,硕士及以上,职责描述：我司建有国家级“博士后科研工作站”批准文号：博管办[2016]41号；本次招聘为研发项目的进站博士，要求仅有正常一次出站或尚未进过站；（一）、岗位职责：1、开展高可靠智能型防爆电气成套设备、产品的开发与研究；2、联合现有团队开展低压电网智能控制系统，如电力线（网）载波通信智能照明控制系统的开发与研究；3、开展高效节能和环保型的防爆电气设备、灯具的技术改进；4、开发新光源、开展最新节能环保技术在现有防爆产品的试验和应用评估；5、关注防爆行业***要求，定期向董事会报告研发项目的最新进度；6、与相关院校、研发机构、实验机构等保持良好互动，争取项目相关支持；7、与同行、地方监管机构定期展开各类交流活动，关注行业技术成果应用；（二）、任职要求：1、全日制博士学历，应届博士生即可，专业为机械、电气、通讯相关；2、掌握学科前沿技术，具备较强的事业心和责任心，沟通、协调能力突出；3、熟悉国际和国家标准中针对耐压试验规定的相关要求；4、拥有自主知识产权或产权明晰的研究技术、成果优先；5、熟悉防爆行业、有防爆检测机构相关从业经历者优先；
博士应届生,15-20k·13薪,苏州-相城区,1-3年,博士,本公司***博士后科研工作站已获批，批准文号：博管办[2016]41号；本次招聘为研发项目的进站博士，要求仅有正常一次出站或尚未进过站；（一）、岗位职责：1、开展高可靠智能型防爆电气成套设备、产品的开发与研究；2、联合现有团队开展低压电网智能控制系统，如电力线（网）载波通信智能照明控制系统的开发与研究；3、开展高效节能和环保型的防爆电气设备、灯具的技术改进；4、开发新光源、开展最新节能环保技术在现有防爆产品的试验和应用评估；5、关注防爆行业***要求，定期向董事会报告研发项目的最新进度；6、与相关院校、研发机构、实验机构等保持良好互动，争取项目相关支持；7、与同行、地方监管机构定期展开各类交流活动，关注行业技术成果应用；（二）、任职要求：1、全日制博士学历，应届博士生即可，专业为机械、电气、通讯相关；2、掌握学科前沿技术，具备较强的事业心和责任心，沟通、协调能力突出；3、熟悉国际和国家标准中针对耐压试验规定的相关要求；4、拥有自主知识产权或产权明晰的研究技术、成果优先；5、熟悉防爆行业、有防爆检测机构相关从业经历者优先；公司名称：新黎明科技股份有限公司
研发工程师（综合能源管理）,20-25k,苏州-常熟,10年以上,硕士及以上,工作职责：1、协助新能源产业研究院院长/新能源研发部经理负责综合能源产业研究和趋势研判，协助产业集团在关联领域的投资布局，组织和加强关联领域研发项目寻求、调研论证、立项评审、组织实施、验收总结、推广上市全过程规范管理；2、跟踪海内外行业动态及业务模式变化和发展趋势，提出前瞻性的策略建议，根据业务需要完成专题分析，输出研究报告，支撑新能源产业研究院院长/新能源研发部经理的决策；3、围绕冷、热、电、气、储、充、光伏、风电、氢能、生物质发电等领域，组织进行核心技术研发，并积极组织各级政府研发攻关项目申报；4、协助新能源产业研究院院长/新能源研发部经理整合外部研发资源，加强高校科研院所横向和产业链纵向产学研合作；5、协助新能源产业研究院院长/新能源研发部经理加强与相关行业机构对接、关系维护以及参加各类行业活动；6、协助新能源产业研究院院长/新能源研发部经理进行新能源领域的跨公司、跨板块、跨产业研发工作的协同组织协调和推进实施管理；7、落实领导安排的其他工作。任职资格：1、教育背景：全日制硕士及以上，能源与动力、电力电子、电力自动化等关联专业；2、经验背景： 5年以上有新能源发电、储能及智能微网等领域的行业研发及技术应用经验；有综合能源规划设计、智能微网规划设计工作经验者优先；3、技能要求：熟悉电力发展、新能源、智能电网等前沿科技以及技术发展状况，具有较强的专业技术及科研开发能力；有丰富的高低压输配电专业知识和技能；有较强的市场调研和分析能力，文字功底扎实，有较强的语言表达能力及沟通能力；善于沟通协调，有较强的工作责任心和团队合作精神，适应出差；信息收集、整理及分析能力，PPT和EXCEL等能力；良好的口头表达能力及 沟通能力；优秀的学习能力。4、基本素质：认同亨通文化，责任心强，工作积极主动，有较强的抗压性和组织协调能力。熟练的办公技能、沟通协调团队合作能力、制定计划和执行能力。
研发工程师（光伏电池）,20-25k,苏州-常熟,10年以上,硕士及以上,工作职责：1、协助新能源产业研究院院长/新能源研发部经理加强光伏电池技术的产业研究和趋势研判，协助产业集团在关联领域的投资布局，组织关联领域研发项目寻求、调研论证、立项评审、组织实施、验收总结、推广上市全过程规范管理；2、跟踪海内外行业动态及业务模式变化和发展趋势，提出前瞻性的策略建议，根据业务需要完成专题分析，输出研究报告，支撑新能源产业研究院院长/新能源研发部经理的决策；3、围绕TOPCON、异质结、薄膜光伏、钙钛矿、BIPV光伏建筑一体化等领域，组织进行核心技术研发；4、协助新能源产业研究院院长/新能源研发部经理整合外部研发资源，加强高校科研院所横向和产业链纵向产学研合作；5、协助新能源产业研究院院长/新能源研发部经理加强与相关行业机构对接、关系维护以及参加各类行业活动；6、协助新能源产业研究院院长/新能源研发部经理进行新能源领域的跨公司、跨板块、跨产业研发工作的协同组织协调和推进实施管理；7、落实领导安排的其他工作。任职资格：1、教育背景：全日制硕士及以上，能源与动力、电力电子、电力自动化等关联专业；2、经验背景： 5年以上光伏研发及技术应用经验，有薄膜电池或异质结电池方面经验优先；3、技能要求：熟悉电力发展、新能源、智能电网等前沿科技以及技术发展状况，具有较强的专业技术及科研开发能力；有丰富的高低压输配电专业知识和技能；有较强的市场调研和分析能力，文字功底扎实，有较强的语言表达能力及沟通能力；善于沟通协调，有较强的工作责任心和团队合作精神，适应出差；信息收集、整理及分析能力，PPT和EXCEL等能力；良好的口头表达能力及沟通能力；优秀的学习能力。4、基本素质：认同亨通文化，责任心强，工作积极主动，有较强的抗压性和组织协调能力。熟练的办公技能、沟通协调团队合作能力、制定计划和执行能力。
产品经理 （储能）,20-25k·14薪,南京-建邺区,5-10年,本科及以上,职责描述：1、编写相关的产品需求文档，完成需求文档、应用情景分析、系统设计跟踪、产品设计文案；2、制定产品计划，协调技术合作伙伴开发周期、质量及进度，推动产品的测试及发布推广；3、负责与研发、测试等同事沟通，确保相关人员对产品的充分理解；4、完成产品功能手册、宣传手册等产品推广材料的编写；5、用户反馈跟进、数据分析及效果评估，策划后续优化；6、支持销售团队开展售前工作。任职要求：1、自动化、电子、电力、电气及其相关专业，本科及以上学历，硕士优先，年龄不超35周岁；2、对能源互联网、储能系统、智能电网、电力系统较为熟悉，有独到系统设计想法和见解；3、三年以上相关产品设计及产品管理经验，了解电气相关产品设计相关流程；4、掌握专业的产品管理、设计、策划和推广的知识和技巧；5、较强的沟通协调能力，良好的语言表达能力；6、丰富的海外储能项目经验，优秀的英语口语水平。
研发工程师（综合能源管理）,20-25k,苏州-常熟,3-5年,硕士及以上,研发工程师（综合能源管理）  1人  25-30万/年岗位职责：1、协助新能源产业研究院院长/新能源研发部经理负责综合能源产业研究和趋势研判，协助产业集团在关联领域的投资布局，组织和加强关联领域研发项目寻求、调研论证、立项评审、组织实施、验收总结、推广上市全过程规范管理；2、跟踪海内外行业动态及业务模式变化和发展趋势，提出前瞻性的策略建议，根据业务需要完成专题分析，输出研究报告，支撑新能源产业研究院院长/新能源研发部经理的决策；3、围绕冷、热、电、气、储、充、光伏、风电、氢能、生物质发电等领域，组织进行核心技术研发，并积极组织各级政府研发攻关项目申报；4、协助新能源产业研究院院长/新能源研发部经理整合外部研发资源，加强高校科研院所横向和产业链纵向产学研合作；5、协助新能源产业研究院院长/新能源研发部经理加强与相关行业机构对接、关系维护以及参加各类行业活动；6、协助新能源产业研究院院长/新能源研发部经理进行新能源领域的跨公司、跨板块、跨产业研发工作的协同组织协调和推进实施管理；7、落实领导安排的其他工作。任职资格：1、教育背景：全日制硕士及以上，能源与动力、电力电子、电力自动化等关联专业；2、经验背景： 5年以上有新能源发电、储能及智能微网等领域的行业研发及技术应用经验；有综合能源规划设计、智能微网规划设计工作经验者优先；3、技能要求：熟悉电力发展、新能源、智能电网等前沿科技以及技术发展状况，具有较强的专业技术及科研开发能力；有丰富的高低压输配电专业知识和技能；有较强的市场调研和分析能力，文字功底扎实，有较强的语言表达能力及沟通能力；善于沟通协调，有较强的工作责任心和团队合作精神，适应出差；信息收集、整理及分析能力，PPT和EXCEL等能力；良好的口头表达能力及 沟通能力；优秀的学习能力。4、基本素质：认同亨通文化，责任心强，工作积极主动，有较强的抗压性和组织协调能力。熟练的办公技能、沟通协调团队合作能力、制定计划和执行能力。
研发工程师（光伏电池）,20-25k,苏州-常熟,3-5年,硕士及以上,岗位职责：1、协助新能源产业研究院院长/新能源研发部经理加强光伏电池技术的产业研究和趋势研判，协助产业集团在关联领域的投资布局，组织关联领域研发项目寻求、调研论证、立项评审、组织实施、验收总结、推广上市全过程规范管理；2、跟踪海内外行业动态及业务模式变化和发展趋势，提出前瞻性的策略建议，根据业务需要完成专题分析，输出研究报告，支撑新能源产业研究院院长/新能源研发部经理的决策；3、围绕TOPCON、异质结、薄膜光伏、钙钛矿、BIPV光伏建筑一体化等领域，组织进行核心技术研发；4、协助新能源产业研究院院长/新能源研发部经理整合外部研发资源，加强高校科研院所横向和产业链纵向产学研合作；5、协助新能源产业研究院院长/新能源研发部经理加强与相关行业机构对接、关系维护以及参加各类行业活动；6、协助新能源产业研究院院长/新能源研发部经理进行新能源领域的跨公司、跨板块、跨产业研发工作的协同组织协调和推进实施管理；7、落实领导安排的其他工作。任职资格：1、教育背景：全日制硕士及以上，能源与动力、电力电子、电力自动化等关联专业；2、经验背景： 5年以上光伏研发及技术应用经验，有薄膜电池或异质结电池方面经验优先；3、技能要求：熟悉电力发展、新能源、智能电网等前沿科技以及技术发展状况，具有较强的专业技术及科研开发能力；有丰富的高低压输配电专业知识和技能；有较强的市场调研和分析能力，文字功底扎实，有较强的语言表达能力及沟通能力；善于沟通协调，有较强的工作责任心和团队合作精神，适应出差；信息收集、整理及分析能力，PPT和EXCEL等能力；良好的口头表达能力及沟通能力；优秀的学习能力。4、基本素质：认同亨通文化，责任心强，工作积极主动，有较强的抗压性和组织协调能力。熟练的办公技能、沟通协调团队合作能力、制定计划和执行能力。
系统方案工程师－光伏,15-25k,苏州-吴江区,1-3年,统招本科,工作职责:1、负责对市场进行技术支持，包括客户协助沟通、项目现场踏勘等；2、根据市场及客户需求进行项目现场踏勘，并编写相关技术方案；3、负责协助市场进行项目招投标技术方案的审核和拟定；4、负责对接设计院，进行项目可研、初设方案、施工方案的审核和编制；5、负责对接项目施工方，给予施工过程的技术支持和指导；6、负责对项目运维工作的支持和指导；7、完成上级领导交办的其他工作任务。任职资格:1、全日制本科以上学历，45周岁以下；2、具有2年及以上光伏方面工作经验；3、熟悉风光发电、智能电网，有光伏系统的设计相关经验；4、熟悉光伏系统的标准和安全规范；5、富有团队合作精神，习惯在快节奏的、富有挑战及创新驱动的氛围中保持上进心。
光伏系统工程师,11-20k,苏州-吴江区,1年以下,本科及以上,具体薪资面议1、负责对市场进行技术支持，包括客户协助沟通、项目现场踏勘等；2、根据市场及客户需求进行项目现场踏勘，并编写相关技术方案；3、负责协助市场进行项目招投标技术方案的审核和拟定；4、负责对接设计院，进行项目可研、初设方案、施工方案的审核和编制；5、负责对接项目施工方，给予施工过程的技术支持和指导；6、负责对项目运维工作的支持和指导；7、完成上级领导交办的其他工作任务。8、具有2年及以上光伏方面工作经验；9、熟悉风光发电、智能电网，有光伏系统的设计相关经验；10、熟悉光伏系统的标准和安全规范；11、富有团队合作精神，习惯在快节奏的、富有挑战及创新驱动的氛围中保持上进心。
研发工程师（综合能源管理）,16-21k·15薪,苏州,10年以上,本科及以上,岗位职责：1、协助新能源产业研究院院长/新能源研发部经理负责综合能源产业研究和趋势研判，协助产业集团在关联领域的投资布局，组织和加强关联领域研发项目寻求、调研论证、立项评审、组织实施、验收总结、推广上市全过程规范管理；2、跟踪海内外行业动态及业务模式变化和发展趋势，提出前瞻性的策略建议，根据业务需要完成专题分析，输出研究报告，支撑新能源产业研究院院长/新能源研发部经理的决策；3、围绕冷、热、电、气、储、充、光伏、风电、氢能、生物质发电等领域，组织进行核心技术研发，并积极组织各级政府研发攻关项目申报；4、协助新能源产业研究院院长/新能源研发部经理整合外部研发资源，加强高校科研院所横向和产业链纵向产学研合作；5、协助新能源产业研究院院长/新能源研发部经理加强与相关行业机构对接、关系维护以及参加各类行业活动；6、协助新能源产业研究院院长/新能源研发部经理进行新能源领域的跨公司、跨板块、跨产业研发工作的协同组织协调和推进实施管理；7、落实领导安排的其他工作。任职资格：1、教育背景：全日制硕士及以上，能源与动力、电力电子、电力自动化等关联专业；2、经验背景： 5年以上有新能源发电、储能及智能微网等领域的行业研发及技术应用经验；有综合能源规划设计、智能微网规划设计工作经验者优先；3、技能要求：熟悉电力发展、新能源、智能电网等前沿科技以及技术发展状况，具有较强的专业技术及科研开发能力；有丰富的高低压输配电专业知识和技能；有较强的市场调研和分析能力，文字功底扎实，有较强的语言表达能力及沟通能力；善于沟通协调，有较强的工作责任心和团队合作精神，适应出差；信息收集、整理及分析能力，PPT和EXCEL等能力；良好的口头表达能力及 沟通能力；优秀的学习能力。4、基本素质：认同亨通文化，责任心强，工作积极主动，有较强的抗压性和组织协调能力。熟练的办公技能、沟通协调团队合作能力、制定计划和执行能力。
研发工程师（光伏电池）,16-21k·15薪,苏州,10年以上,统招本科,研发工程师（光伏电池）岗位职责：1、协助新能源产业研究院院长/新能源研发部经理加强光伏电池技术的产业研究和趋势研判，协助产业集团在关联领域的投资布局，组织关联领域研发项目寻求、调研论证、立项评审、组织实施、验收总结、推广上市全过程规范管理；2、跟踪海内外行业动态及业务模式变化和发展趋势，提出前瞻性的策略建议，根据业务需要完成专题分析，输出研究报告，支撑新能源产业研究院院长/新能源研发部经理的决策；3、围绕TOPCON、异质结、薄膜光伏、钙钛矿、BIPV光伏建筑一体化等领域，组织进行核心技术研发；4、协助新能源产业研究院院长/新能源研发部经理整合外部研发资源，加强高校科研院所横向和产业链纵向产学研合作；5、协助新能源产业研究院院长/新能源研发部经理加强与相关行业机构对接、关系维护以及参加各类行业活动；6、协助新能源产业研究院院长/新能源研发部经理进行新能源领域的跨公司、跨板块、跨产业研发工作的协同组织协调和推进实施管理；7、落实领导安排的其他工作。任职资格：1、教育背景：全日制硕士及以上，能源与动力、电力电子、电力自动化等关联专业；2、经验背景： 5年以上光伏研发及技术应用经验，有薄膜电池或异质结电池方面经验优先；3、技能要求：熟悉电力发展、新能源、智能电网等前沿科技以及技术发展状况，具有较强的专业技术及科研开发能力；有丰富的高低压输配电专业知识和技能；有较强的市场调研和分析能力，文字功底扎实，有较强的语言表达能力及沟通能力；善于沟通协调，有较强的工作责任心和团队合作精神，适应出差；信息收集、整理及分析能力，PPT和EXCEL等能力；良好的口头表达能力及沟通能力；优秀的学习能力。4、基本素质：认同亨通文化，责任心强，工作积极主动，有较强的抗压性和组织协调能力。熟练的办公技能、沟通协调团队合作能力、制定计划和执行能力。
产品经理,20-30k,南京-建邺区,3-5年,本科及以上,职责描述：1、编写相关的产品需求文档，完成需求文档、应用情景分析、系统设计跟踪、产品设计文案；2、制定产品计划，协调技术合作伙伴开发周期、质量及进度，推动产品的测试及发布推广；3、负责与研发、测试等同事沟通，确保相关人员对产品的充分理解；4、完成产品功能手册、宣传手册等产品推广材料的编写；5、用户反馈跟进、数据分析及效果评估，策划后续优化；支持销售团队开展售前工作。任职要求：1、自动化、电子、电力、电气及其相关专业，本科及以上学历，硕士优先，年龄不超35周岁；2、对能源互联网、储能系统、智能电网、电力系统较为熟悉，有独到系统设计想法和见解；3、三年以上相关产品设计及产品管理经验；了解电气相关产品设计相关流程；掌握专业的产品管理、设计、策划和推广的知识和技巧；4、责任心强，工作主动，能积极思考，能提出有创造力和建设性的想法，具有较强的学习能力和洞察力；较强的沟通协调能力，良好的语言表达能力和较好的英语水平。
能源互联网规划专家（南京北京）,45-75k·15薪,南京,经验不限,统招本科,岗位职责： 1.跟踪、分析、研究能源行互联网（包含但不限于新能源、新一代电力系统、能源数字化转型、能源物联网、综合能源、储能等）的发展趋势和前沿动向2.负责能源互联网的应用场景和需求分析，分析客户业务场景和痛点需求，把握业界动态及技术方向，分析关键技术及价值产品，输出相关报告3.负责能源互联网领域创新性方案或产品的规划开发，负责相关方案/产品对外合作的拓展、交流及合作产品引入4.参与能源领域应用场景对云网需求的分析，与公司其他通信、IT等产品线对接，驱动成熟产品功能演进或新产品规划开发，满足能源领域方案场景关键需求5. 组织内部技术和需求讨论、方案开发过程中出现的各种疑难问题，并协调内外部相关部门的协调工作6.参与能源行业标准及联盟组织的相关规范、标准的制定和研究报告输出任职资格：1.熟悉电力行业领域的信息化、自动化、通信系统，熟悉智能电网、能源互联网、智慧能源、新一代电力系统、能源物联网、新能源等行业热点概念，有相关项目经验。 2.了解5G网络及技术、无线通信、核心网、承载网、云计算、边缘计算、智能网关、大型软件系统等产品技术或其中之一的，具备电力行业结合ICT融合的解决方案开发能力及产品开发经验者优先；3.有能源电力行业相关行业从业经历者优先，优选新能源、能源物联网、智能电网等领域知名厂商相关工作经历者；4.适应较为频繁的短期出差。
电气软件工程师,12-24k,苏州,3-5年,本科及以上,1）负责软件产品及项目的调研、系统方案和架构设计等工作，制定项目方案2）负责软件产品及项目的系统设计、编码、测试和部署工作3）参与软件开发技术规范和标准流程的改进4）编写相关技术和项目文档任职要求1）电气工程或计算机相关专业，本科及以上学历2）两年以上电气类软件开发工作经验3）掌握PYTHON/C/C++/C#语言，熟悉C/S或B/S软件开发4）熟悉软件开发流程，有全程参与或组织软件开发的工作经历，能独立承担软件开发任务5）责任心强，务实进取，有较强的沟通协调和团队合作能力，有良好的技术文档撰写和技术钻研能力6）满足以下任意一项者均可优先考虑a）有工业数据采集和监控类项目开发经验b）有电力行业项目经验，熟悉远程监控、变电站通信、状态监测和智能电网c）熟悉61850通信协议d）有信息管理系统或大型数据分析平台开发经验
功能软件工程师-技术中心,11-22k,苏州,经验不限,本科及以上,工作职责:岗位职责总体介绍；1、您将从事嵌入式软件编程的各个不同方面：控制储能电站的配电、设计各种场景下的电能管理、分布式微网之间的通讯、定义和实现用户交互，以及提高低压配电的稳健性和可靠性，分析、解决产品平台开发中软件领域、应用领域的难题。2、您需就开发团队中软件设计领域给出评审意见和建议，以共创产品设计的先进性、结构化性、鲁棒性，共同搭建结构化的软件系统。3、您需在开发的各个环节中，深度参与相关设计环节的评审和讨论，毫无保留的给予最优设计的建议。任职资格:1、教育背景：自动化/电气工程/计算机工程专业的学士/硕士学位或具有卓越能力证明的同等经验2、专业能力要求：a-熟悉电力系统自动化领域的相关标准通讯协议b: 了解智能变电站的工程运作模式c: 了解电力电子变换相关基本知识（整流、逆变、PWM调制原理等）3、岗位技能要求(至少满足三条）：a: 在实时嵌入式环境中交付高质量的 C 代码b: 指定、设计和实现嵌入式子系统的功能和行为c: 通过集成、测试和大批量制造在硬件上设计软件架构和固件实现d: 动手硬件启动、系统调试和代码优化e: 编写单元和组件级测试以确保正确的功能f: 进行性能和优化权衡以满足产品要求g: 了解SCADS开发方式，4、通用能力要求：如学习能力，自我驱动力、抗压性等；a: 具备硬件原理图识图及分析能力b: 精通软件基础知识，包括软件结构化设计、可维护性设计等。c: 熟练使用嵌入式开发各类工具d: 具备团队协作、沟通复杂技术点的能力5、优先条件：a: 有BMS电池管理系统、PCS储能系统开发经验b: 有微型智能电网管理、调度系统开发经验c: 有大型控制系统开发经验者
功能软件工程师（电网）,11-22k·15薪,苏州,1-3年,本科及以上,工作职责:1、嵌入式软件编程的各个不同方面：控制储能电站的配电、设计各种场景下的电能管理、分布式微网之间的通讯、定义和实现用户交互，以及提高低压配电的稳健性和可靠性，分析、解决产品平台开发中软件领域、应用领域的难题。2、就开发团队中软件设计领域给出评审意见和建议，以共创产品设计的先进性、结构化性、鲁棒性，共同搭建结构化的软件系统。3、在开发的各个环节中，深度参与相关设计环节的评审和讨论，毫无保留的给予最优设计的建议任职资格:1.熟悉电力系统自动化领域的相关标准通讯协议2.了解智能变电站的工程运作模式3.了解电力电子变换相关基本知识（整流、逆变、PWM调制原理等）4.精通软件基础知识，包括软件结构化设计、可维护性设计等；熟练使用嵌入式开发各类工具；5.有BMS电池管理系统、PCS储能系统开发经验、有微型智能电网管理、调度系统开发经验、有大型控制系统开发经验者优先；
软件项目经理（配网）,15-30k,南京,5-10年,统招本科,岗位描述： 1、负责公司智能电网相关软件项目（电力数据GIS可视化、智能运维系统、电力监控系统、电力自动化系统等）的策划，需求分析，功能架构，项目申报材料的组织编写，项目招标落地； 2、负责策划公司软件产品，规划软件团队发展方向。 3、有效管理项目范围和资源，制订计划并保证计划的按时保质执行； 4、与客户保持良好、紧密沟通，积极理解客户需求，倾听客户声音，将客户需求转化为可落地的产品； 5、负责项目研发团队的建设和日常管理工作，不断提升团队成员技术水平；6、支持售前，参与售前咨询与形成售前解决方案等工作； 7、完成上级领导交办的其他任务。 任职要求： 1、 全日制统招本科及以上学历，计算机、信息管理、电气自动化、电子信息工程、水利水电等相关专业； 2、 具备8年以上软件开发工作经历， 3-5年以上智能运维、变电站电力监控、电力自动化等电力软件开发或项目管理工作经验，有两网企业软件开发或两网企业项目管理经验优先考虑； 3、 2-3年以上中大型项目管理与技术团队管理经验； 4、 精通 Spring Cloud、MyBatis、Hibernate 等框架，熟悉Linux系统。 5、 熟悉系统架构设计，对于性能优化及系统安全有实操经验； 6、 良好的项目管理能力，较强的需求描述能力和售前支持能力； 7、 良好的客户和团队沟通能力，较强的语言和文字表达能力； 8、 有PMP或高级项目管理师证书者优先。
2021应届生（硕士及以上）,11-16k,南京,一年以下,硕士及以上,职责描述：软件研发设计师任职要求：计算机类、网络与信息安全、软件工程、通信工程、信息与通信工程、集成电路设计与集成系统自动化、电子科学与科学、智能电网信息工程、电气工程及其自动化、电气工程与智能控制专业
质量控制,18-25k·14薪,苏州-虎丘区,3-5年,本科及以上,1.具备解读项目中的风控指标和方案中的质量目标的能力；								2.负责项目监控，制作管理计划，协调供应商和代理商、获取客户反馈，保证项目按时保质完成；								3.负责编制项目团队的输出指标，制作项目进度报告；								4.负责优化控制计划，推进标准化流程建设、搭建新的作业模式，组织开展业务实施培训；								5.负责识别项目风险，并组织成员采取措施预防和规避风险；								6.负责项目收尾和验收工作，总结项目经验，提出项目优化建议和方案；																任职要求：								1.全日制大学本科及以上学历，电力系统及自动化、电气工程、分布式能源等相关专业；								2.具有火电厂运行主值、电气高级师等相关岗位三年以上工作经验；具有新能源、智能电网相关工作经验者优先，条件优秀可适当放宽要求；								3.了解储能、能效管理及运营管理等相关基础知识；								4.熟练运用电力系统管理软件；有领导力、良好的目标导向，规划能力；								5.身体健康，能适应出差，能作为内部讲师；								
商务经理,8-15k,无锡-江阴,1-3年,本科及以上,岗位职责：1.拓展目标市场和客户2、负责招投标及业务合同的签订。3、负责项目交付和落地任职要求：1.本科以上学历、3年以上风能、光伏、储能、智能电网等行业销售经验2、熟悉项目开发流程。3、强烈的责任感，出色的沟通能力。4、抗压能力强，能适应短期出差。
行业拓展总监,15-25k,苏州,5-10年,大专及以上,岗位职责：1、负责行业客户关系的开发与维护，协助完成产品选型入围及招投标相关工作；2、提供区域开发策略与建议，推进市场业务拓展，完成公司年度销售目标及任务；3、负责区域市场开拓工作，跟进重点客户及项目的进展；4、关注行业动态、竞争对手信息，发现重大项目机会点，进行相应公关工作；5、统筹行业客户销售回款，协调逾期款项、有争议款项的处理工作；6、有效管理团队，充分利用各项资源，建设积极高效的工作氛围。任职要求：1、大专及以上学历，三年以上轨道交通/数据中心/集成商/广电/金融/电力等行业的产品市场拓展、渠道销售经验；2、熟悉行业运作模式，具备IDC数据中心/轨道交通/智慧能源（光伏发电、储能充电桩、智能电网）方面知识，能够进行独立招投标工作；3、有医疗、教育、公检法、金融、轨道交通等行业拓展经验者优先；4、具备良好的沟通能力、市场规划、项目策划、渠道建设及管理能力；5、具备良好的资源整合、组织协调、商务谈判、计划执行能力。
行业拓展总监,15-25k,南京,5-10年,大专及以上,岗位职责：1、负责行业客户关系的开发与维护，协助完成产品选型入围及招投标相关工作；2、提供区域开发策略与建议，推进市场业务拓展，完成公司年度销售目标及任务；3、负责区域市场开拓工作，跟进重点客户及项目的进展；4、关注行业动态、竞争对手信息，发现重大项目机会点，进行相应公关工作；5、统筹行业客户销售回款，协调逾期款项、有争议款项的处理工作；6、有效管理团队，充分利用各项资源，建设积极高效的工作氛围。任职要求：1、大专及以上学历，三年以上轨道交通/数据中心/集成商/广电/金融/电力等行业的产品市场拓展、渠道销售经验；2、熟悉行业运作模式，具备IDC数据中心/轨道交通/智慧能源（光伏发电、储能充电桩、智能电网）方面知识，能够进行独立招投标工作；3、有医疗、教育、公检法、金融、轨道交通等行业拓展经验者优先；4、具备良好的沟通能力、市场规划、项目策划、渠道建设及管理能力；5、具备良好的资源整合、组织协调、商务谈判、计划执行能力。
研发工程师（综合能源管理）,20-25k,苏州-常熟,5-10年,硕士及以上,职责描述：1、协助新能源产业研究院院长/新能源研发部经理负责综合能源产业研究和趋势研判，协助产业集团在关联领域的投资布局，组织和加强关联领域研发项目寻求、调研论证、立项评审、组织实施、验收总结、推广上市全过程规范管理；2、跟踪海内外行业动态及业务模式变化和发展趋势，提出前瞻性的策略建议，根据业务需要完成专题分析，输出研究报告，支撑新能源产业研究院院长/新能源研发部经理的决策；3、围绕冷、热、电、气、储、充、光伏、风电、氢能、生物质发电等领域，组织进行核心技术研发，并积极组织各级政府研发攻关项目申报；4、协助新能源产业研究院院长/新能源研发部经理整合外部研发资源，加强高校科研院所横向和产业链纵向产学研合作；5、协助新能源产业研究院院长/新能源研发部经理加强与相关行业机构对接、关系维护以及参加各类行业活动；6、协助新能源产业研究院院长/新能源研发部经理进行新能源领域的跨公司、跨板块、跨产业研发工作的协同组织协调和推进实施管理；7、落实领导安排的其他工作。任职要求：1、教育背景：全日制硕士及以上，能源与动力、电力电子、电力自动化等关联专业；2、经验背景： 5年以上有新能源发电、储能及智能微网等领域的行业研发及技术应用经验；有综合能源规划设计、智能微网规划设计工作经验者优先；3、技能要求：熟悉电力发展、新能源、智能电网等前沿科技以及技术发展状况，具有较强的专业技术及科研开发能力；有丰富的高低压输配电专业知识和技能；有较强的市场调研和分析能力，文字功底扎实，有较强的语言表达能力及沟通能力；善于沟通协调，有较强的工作责任心和团队合作精神，适应出差；信息收集、整理及分析能力，PPT和EXCEL等能力；良好的口头表达能力及 沟通能力；优秀的学习能力。4、基本素质：认同亨通文化，责任心强，工作积极主动，有较强的抗压性和组织协调能力。熟练的办公技能、沟通协调团队合作能力、制定计划和执行能力。
研发工程师（光伏电池）,20-25k,苏州-常熟,5-10年,硕士及以上,职责描述：	1、协助新能源产业研究院院长/新能源研发部经理加强光伏电池技术的产业研究和趋势研判，协助产业集团在关联领域的投资布局，组织关联领域研发项目寻求、调研论证、立项评审、组织实施、验收总结、推广上市全过程规范管理；2、跟踪海内外行业动态及业务模式变化和发展趋势，提出前瞻性的策略建议，根据业务需要完成专题分析，输出研究报告，支撑新能源产业研究院院长/新能源研发部经理的决策；3、围绕TOPCON、异质结、薄膜光伏、钙钛矿、BIPV光伏建筑一体化等领域，组织进行核心技术研发；4、协助新能源产业研究院院长/新能源研发部经理整合外部研发资源，加强高校科研院所横向和产业链纵向产学研合作；5、协助新能源产业研究院院长/新能源研发部经理加强与相关行业机构对接、关系维护以及参加各类行业活动；6、协助新能源产业研究院院长/新能源研发部经理进行新能源领域的跨公司、跨板块、跨产业研发工作的协同组织协调和推进实施管理；7、落实领导安排的其他工作。任职要求：	1、教育背景：全日制硕士及以上，能源与动力、电力电子、电力自动化等关联专业；2、经验背景： 5年以上光伏研发及技术应用经验，有薄膜电池或异质结电池方面经验优先；3、技能要求：熟悉电力发展、新能源、智能电网等前沿科技以及技术发展状况，具有较强的专业技术及科研开发能力；有丰富的高低压输配电专业知识和技能；有较强的市场调研和分析能力，文字功底扎实，有较强的语言表达能力及沟通能力；善于沟通协调，有较强的工作责任心和团队合作精神，适应出差；信息收集、整理及分析能力，PPT和EXCEL等能力；良好的口头表达能力及沟通能力；优秀的学习能力。4、基本素质：认同亨通文化，责任心强，工作积极主动，有较强的抗压性和组织协调能力。熟练的办公技能、沟通协调团队合作能力、制定计划和执行能力。
大客户经理,8-20k,苏州,1-3年,大专及以上,销售专员/经理（薪资：12-80万）岗位职责：1、负责电力市场新客户开拓工作，面对客户群为大中型用电企事业单位；2、业务方向主要有：变电站的智能化改造及运维业务、企事业单位的电能监测平台推广、企事业单位的能源托管业务、储能和光伏电站等能源项目；智能微电网应用与推广；3、对现有市场和客户进行分析，发现客户的潜在需求，引导相关客户的现有需求，达成销售目标；4、根据客户需求的特点，为客户提供最优产品解决方案；5、负责与客户之间的商务谈判，建立客户关系，提高合同额和利润率；6、负责协调各种内部、外部资源，解决在项目实施过程中出现的问题，提高客户满意度；7、负责对项目回款过程的监控和执行，提高回款率；8、通过客户回访，了解客户需求及潜在需求，以提高客户满意，促成客户二次开发；9、上级领导交待的其他工作事项。 岗位要求：1、性别不限，专业不限2、大专及以上学历，普通话标准；3、3-5年营销相关工作经验，有相关行业经验；4、业务能力强，形象良好；心里承受能力强，有工作责任感，能吃苦耐劳；敢于接受挑战，有极强的上进心和工作积极性；5、有驾照、会开车、自己有车优先。
销售经理,10-30k,苏州-虎丘区,3-5年,大专及以上,销售专员/经理（薪资：12-80万）岗位职责：1、负责电力市场新客户开拓工作，面对客户群为大中型用电企事业单位；2、业务方向主要有：变电站的智能化改造及运维业务、企事业单位的电能监测平台推广、企事业单位的能源托管业务、储能和光伏电站等能源项目；智能微电网应用与推广；3、对现有市场和客户进行分析，发现客户的潜在需求，引导相关客户的现有需求，达成销售目标；4、根据客户需求的特点，为客户提供最优产品解决方案；5、负责与客户之间的商务谈判，建立客户关系，提高合同额和利润率；6、负责协调各种内部、外部资源，解决在项目实施过程中出现的问题，提高客户满意度；7、负责对项目回款过程的监控和执行，提高回款率；8、通过客户回访，了解客户需求及潜在需求，以提高客户满意，促成客户二次开发；9、上级领导交待的其他工作事项。 岗位要求：1、性别不限，专业不限2、大专及以上学历，普通话标准；3、3-5年营销相关工作经验，有相关行业经验；4、业务能力强，形象良好；心里承受能力强，有工作责任感，能吃苦耐劳；敢于接受挑战，有极强的上进心和工作积极性；5、有驾照、会开车、自己有车优先。
HR实习生,2-3k,南京-雨花台区,一年以下,大专及以上,润和软件HR实习生招聘大平台发展稳定可转正福利好待遇高🥳【公司介绍】江苏润和软件股份有限公司成立于2006年，为国际、国内客户提供专业领域的软件外包服务，主要聚焦于“供应链管理软件”、“智能终端嵌入式软件”和“智能电网信息化软件”等三个专业领域。2019年7月，荣获全国模范劳动关系和谐企业。【岗位职责】1.维护、拓展公司招聘渠道，更新招聘信息；2.根据JD筛选、推荐简历，协调面试官、候选人沟通；3.负责跟进面试安排、面试反馈等招聘整体流程；4.参与其他人力资源相关工作（内部推荐、员工关系、培训、绩效、校园招聘等）【任职要求】1.本科在读，2022年及毕业，不限专业；2.熟练使用Office等办公软件；3.保证每周5天的出勤时间；4.积极、主动、耐心、踏实、高效、善于沟通【福利待遇】餐补、团建
销售经理,6-10k,南京,1-3年,大专及以上,职责描述：岗位职责：1.负责区域内客户关系建设和维护，市场分析与规划、项目运作及达成销售目标；2.制定销售策略，执行销售活动，完成销售指标；3.智慧城市、智能电网、楼宇智能化等低压400V项目新客户、新市场的开拓；准确理解与分析行业，商业敏感（机会点及隐藏项目挖掘），主动挖掘、分析、引导不同客户的关键需求；4.做好项目过程控制，识别各项目关键节点的风险，及时解决及防范；5.掌握区域市场的项目机会、目标客户、竞争格局及发展趋势，为市场规划提供决策依据。职位要求：1.本科及以上学历，市场营销、工商管理等专业优先；2.两年及以上商务拓展、销售等工作经验；3.具备较强的客户需求分析能力、客户管理能力和商务谈判能力；4.热爱销售工作，有强烈的事业心、抗压性和自信心；5.认同公司文化及价值观，具有良好的工作态度及工作韧性；6、有电力系统产品销售经验者优先。
水电大数据解决方案工程师（苏州）,15-30k,苏州-虎丘区,5-10年,统招本科,公司总部在北京，除此之外，公司在苏州、成都和西安等地都有分办公室，该岗位面向全国招聘，不限制base地。岗位职责：1、负责水电行业大数据类项目售前技术支持，如产品介绍、需求分析、方案设计、产品演示及技术交流等，能为客户提供技术咨询； 2、统筹产品开发、实施交付等公司资源，负责水电大数据类项目实施、交付及售后，负责项目全生命周期管理； 3、与发电集团、水电业主等相关方良好互动，确保项目的顺利实施和交付，并能从多维度吸收建议和方法，提升行业解决方案在客户端的价值体现；4、积极拓展水电大数据类应用市场，收集客户诉求和市场反馈情况，分析公司产品优势和缺陷，对产品提出设计、开发、技术要求，提升行业数据产品解决方案竞争力。5、挖掘新需求，探索新业务模式、创新产品在客户侧的尝试和突破，助力业务快速创新发展。要求：1、5年及以上电网、发电、新能源行业工作经验，熟悉水电站设备运检业务、有水电站二次设备及系统开发维护经验优先；电力院校背景或专业优先；1、 对数据敏感，擅于结合业务场景，发现、收集、甄别有价值的各类信息，具备良好的数据分析思维；2、 对大数据、数据分析、人工智能等前沿领域有基本的了解，具有电力数据从业经验者优先；3、 具备智慧水电厂、智能电网、水电（电力）物联网等行业数字化解决方案成功应用经验者优先；5、具备出色的文字及语言表达能力，扎实的科技文档写作功底，具有编制项目可研、方案设计、需求分析、验收文档、论文/专利及宣讲PPT等文档的能力；6、具备较强的项目管理和交付实施能力、市场洞察能力、资源整合能力、业务推进能力和沟通协调能力；7、具有很强的学习能力和主动工作意识；能适应短期出差和应急性加班工作。
区域能源投资经理（合同能源管理方向）,8-12k,徐州,5-10年,统招本科,岗位职责：1、 负责合同能源管理供热/冷运营、节能改造、能源托管项目相关工作；2、负责项目的调查、沟通、谈判、合同签订、服务等项目完整环节的把控和协调； 3、负责合同能源管理项目方案的编写； 4、负责节能服务项目的整合，并提出可实施性方案； 5、负责节能服务、合同能源管理相关政策研究，行业动态分析，提出适合公司发展的合理化建议；6、负责项目前期的信息、数据收集并进行统筹分析；7、负责领导交办的其他工作事项。任职要求：1、本科及以上学历，建筑环境与设备、暖通、热能工程分布式能源、新能源等相关专业优先； 2、年龄28-40岁，有3年以上中大型合同能源管理项目运作经验（同行业经验优先），熟悉新能源行业，熟悉合同能源管理的模式、业务和运营流程；3、具备较强的商务谈判能力、市场开拓能力、客户分析能力和系统规划能力，可独立解决客户问题，维护客户关系；4、有较强的责任心，工作严谨，坦诚正直，工作计划性强并具有战略前瞻性思维；5、有住宅、学校、医院、酒店、商业楼宇、市政大楼节能改造、水泵、锅炉、板换、中央空调、水地源热泵项目等合同能源项目实施经验者优先；有建设部门、供热公司、物业、房地产等相关客户资源者优先；有丰富的客户资源，有新能源、智能电网、合同能源管理相关工作经验者且销售业绩突出者优先。6、具有独立分析问题和解决问题的能力，良好的沟通技巧和说服能力。
地产合约经理,15-25k,无锡,5-10年,大专及以上,岗位职责：1、核算项目编制成本管理计划，配合进行施工过程中的造价管理，提出降低成本的控制措施和建议；2、掌握成本动态，进行成本分析，编制报告，对存在问题给予处理意见；3、统计、核对和分析来自各部门成本、价格核定等相关的数据，进行成本核算；4、编制付款申请，审查与报告工程合同付款申请；5、做好相关成本资料的整理、归档、数据库建立、查询和更新工作；6、参与招投标及合同管理、施工图预算及工程结算工作；7、负责成本目标落实中部门内外的协调和管理。任职要求：1、工程管理、预算等相关专业本科以上学历；2、3年以上房地产行业相关工作经验，有造价师或预算员资格；3、优秀的沟通、协调、组织和分析能力；4、良好的职业素养与品德，有团队合作精神和抗压能力天能控股集团，是一家以电动车环保动力电池制造为主，集新能源汽车锂电池、汽车启动启停电池、风能太阳能储能电池的研发、生产、销售，以及城市智能微电网建设、绿色智造产业园建设等为一体的大型实业企业。    截至目前，公司已在浙、苏、皖、豫、黔五省建成十大生产基地，下属子公司30多家，是中国新能源动力电池行业。     天能产城发展事业部，是天能控股集团直属经营单位，将在湖州打造标杆项目——天能太湖科技城项目，位于湖州太湖之滨，南太湖新区湖山大道东侧、银山大道南北两侧，该项目总建设用地约246亩，总建筑面积约46. 5万平方米，总投资约26.6亿元。项目内容包括总部大楼、科创园、商务中心、商务办公、商业等。
产业服务经理(园区入驻企业政策研究),15-30k,常州,5-10年,大专及以上,岗位要求：1.持续跟进产业政策、税收优惠政策、奖励政策、人才政策等研究；2.为目标企业提供政策申请、入园注册等相关服务工作；3.为入园企业提供日常服务，并针对性地提供资源对接；4.发掘客户需求定期汇总分析，整合集团产业资源，完善公司业务链；5.领导交办的其他工作。任职资格：1.40岁以下，经济、工商管理等相关专业本科及以上学历；2.房地产类公司或相关行业5年以上工作经历，担任产业落地服务主管以上职务2年以上；3.熟悉国家房地产行业相关政策法规，熟悉产业招商政策，精通产业招商，对区域经济、产业政策等有一定的研究；熟练掌握办公等相关软件；4.具备与政府、招引企业良好沟通协调能力和服务意识。天能控股集团，是一家以电动车环保动力电池制造为主，集新能源汽车锂电池、汽车启动启停电池、风能太阳能储能电池的研发、生产、销售，以及城市智能微电网建设、绿色智造产业园建设等为一体的大型实业企业。截至目前，公司已在浙、苏、皖、豫、黔五省建成十大生产基地，下属子公司30多家，是中国新能源动力电池行业。天能产城发展事业部，是天能控股集团直属经营单位，将在湖州打造标杆项目——天能太湖科技城项目，位于湖州太湖之滨，南太湖新区湖山大道东侧、银山大道南北两侧，该项目总建设用地约246亩，总建筑面积约46. 5万平方米，总投资约26.6亿元。项目内容包括总部大楼、科创园、商务中心、商务办公、商业等。
产业服务经理(园区入驻企业政策研究),15-30k,苏州,5-10年,大专及以上,岗位要求：1.持续跟进产业政策、税收优惠政策、奖励政策、人才政策等研究；2.为目标企业提供政策申请、入园注册等相关服务工作；3.为入园企业提供日常服务，并针对性地提供资源对接；4.发掘客户需求定期汇总分析，整合集团产业资源，完善公司业务链；5.领导交办的其他工作。任职资格：1.40岁以下，经济、工商管理等相关专业本科及以上学历；2.房地产类公司或相关行业5年以上工作经历，担任产业落地服务主管以上职务2年以上；3.熟悉国家房地产行业相关政策法规，熟悉产业招商政策，精通产业招商，对区域经济、产业政策等有一定的研究；熟练掌握办公等相关软件；4.具备与政府、招引企业良好沟通协调能力和服务意识。天能控股集团，是一家以电动车环保动力电池制造为主，集新能源汽车锂电池、汽车启动启停电池、风能太阳能储能电池的研发、生产、销售，以及城市智能微电网建设、绿色智造产业园建设等为一体的大型实业企业。截至目前，公司已在浙、苏、皖、豫、黔五省建成十大生产基地，下属子公司30多家，是中国新能源动力电池行业。天能产城发展事业部，是天能控股集团直属经营单位，将在湖州打造标杆项目——天能太湖科技城项目，位于湖州太湖之滨，南太湖新区湖山大道东侧、银山大道南北两侧，该项目总建设用地约246亩，总建筑面积约46. 5万平方米，总投资约26.6亿元。项目内容包括总部大楼、科创园、商务中心、商务办公、商业等。
产业服务经理(园区入驻企业政策研究),15-30k,无锡,5-10年,大专及以上,岗位要求：1.持续跟进产业政策、税收优惠政策、奖励政策、人才政策等研究；2.为目标企业提供政策申请、入园注册等相关服务工作；3.为入园企业提供日常服务，并针对性地提供资源对接；4.发掘客户需求定期汇总分析，整合集团产业资源，完善公司业务链；5.领导交办的其他工作。任职资格：1.40岁以下，经济、工商管理等相关专业本科及以上学历；2.房地产类公司或相关行业5年以上工作经历，担任产业落地服务主管以上职务2年以上；3.熟悉国家房地产行业相关政策法规，熟悉产业招商政策，精通产业招商，对区域经济、产业政策等有一定的研究；熟练掌握办公等相关软件；4.具备与政府、招引企业良好沟通协调能力和服务意识。天能控股集团，是一家以电动车环保动力电池制造为主，集新能源汽车锂电池、汽车启动启停电池、风能太阳能储能电池的研发、生产、销售，以及城市智能微电网建设、绿色智造产业园建设等为一体的大型实业企业。截至目前，公司已在浙、苏、皖、豫、黔五省建成十大生产基地，下属子公司30多家，是中国新能源动力电池行业。天能产城发展事业部，是天能控股集团直属经营单位，将在湖州打造标杆项目——天能太湖科技城项目，位于湖州太湖之滨，南太湖新区湖山大道东侧、银山大道南北两侧，该项目总建设用地约246亩，总建筑面积约46. 5万平方米，总投资约26.6亿元。项目内容包括总部大楼、科创园、商务中心、商务办公、商业等。
招商经理（产业园区）,15-25k,南京,5-10年,大专及以上,岗位要求：1.全面参与科技园区的招商工作；2.协助上级制定招商战略规划、招商方案及招商计划；3.协助上及完成项目招商任务，完成公司下达的目标；4.完成领导交给的其他任务。任职资格：1.45岁以下，经济、工商管理等相关专业大专及以上学历；2.房地产类公司或政府招商、园区招商等5年以上招商工作经历，担任招商主管以上职务2年以上；3.熟悉国家房地产行业相关政策法规、政策，有科创资源及招商工作经验优先；4.有较强的组织、策划、分析、规划及上下级协调能力；5.具有优秀的综合管理素质和商务洽谈能力；熟练掌握办公等相关软件；6.具备良好沟通协调能力和服务意识、能力。    天能控股集团，是一家以电动车环保动力电池制造为主，集新能源汽车锂电池、汽车启动启停电池、风能太阳能储能电池的研发、生产、销售，以及城市智能微电网建设、绿色智造产业园建设等为一体的大型实业企业。    截至目前，公司已在浙、苏、皖、豫、黔五省建成十大生产基地，下属子公司30多家，是中国新能源动力电池行业。     天能产城发展事业部，是天能控股集团直属经营单位，将在湖州打造标杆项目——天能太湖科技城项目，位于湖州太湖之滨，南太湖新区湖山大道东侧、银山大道南北两侧，该项目总建设用地约246亩，总建筑面积约46. 5万平方米，总投资约26.6亿元。项目内容包括总部大楼、科创园、商务中心、商务办公、商业等。
招商经理（产业园区）,15-25k,常州,5-10年,大专及以上,岗位要求：1.全面参与科技园区的招商工作；2.协助上级制定招商战略规划、招商方案及招商计划；3.协助上及完成项目招商任务，完成公司下达的目标；4.完成领导交给的其他任务。任职资格：1.45岁以下，经济、工商管理等相关专业大专及以上学历；2.房地产类公司或政府招商、园区招商等5年以上招商工作经历，担任招商主管以上职务2年以上；3.熟悉国家房地产行业相关政策法规、政策，有科创资源及招商工作经验优先；4.有较强的组织、策划、分析、规划及上下级协调能力；5.具有优秀的综合管理素质和商务洽谈能力；熟练掌握办公等相关软件；6.具备良好沟通协调能力和服务意识、能力。    天能控股集团，是一家以电动车环保动力电池制造为主，集新能源汽车锂电池、汽车启动启停电池、风能太阳能储能电池的研发、生产、销售，以及城市智能微电网建设、绿色智造产业园建设等为一体的大型实业企业。    截至目前，公司已在浙、苏、皖、豫、黔五省建成十大生产基地，下属子公司30多家，是中国新能源动力电池行业。     天能产城发展事业部，是天能控股集团直属经营单位，将在湖州打造标杆项目——天能太湖科技城项目，位于湖州太湖之滨，南太湖新区湖山大道东侧、银山大道南北两侧，该项目总建设用地约246亩，总建筑面积约46. 5万平方米，总投资约26.6亿元。项目内容包括总部大楼、科创园、商务中心、商务办公、商业等。
招商经理（产业园区）,15-25k,苏州,5-10年,大专及以上,岗位要求：1.全面参与科技园区的招商工作；2.协助上级制定招商战略规划、招商方案及招商计划；3.协助上及完成项目招商任务，完成公司下达的目标；4.完成领导交给的其他任务。任职资格：1.45岁以下，经济、工商管理等相关专业大专及以上学历；2.房地产类公司或政府招商、园区招商等5年以上招商工作经历，担任招商主管以上职务2年以上；3.熟悉国家房地产行业相关政策法规、政策，有科创资源及招商工作经验优先；4.有较强的组织、策划、分析、规划及上下级协调能力；5.具有优秀的综合管理素质和商务洽谈能力；熟练掌握办公等相关软件；6.具备良好沟通协调能力和服务意识、能力。    天能控股集团，是一家以电动车环保动力电池制造为主，集新能源汽车锂电池、汽车启动启停电池、风能太阳能储能电池的研发、生产、销售，以及城市智能微电网建设、绿色智造产业园建设等为一体的大型实业企业。    截至目前，公司已在浙、苏、皖、豫、黔五省建成十大生产基地，下属子公司30多家，是中国新能源动力电池行业。     天能产城发展事业部，是天能控股集团直属经营单位，将在湖州打造标杆项目——天能太湖科技城项目，位于湖州太湖之滨，南太湖新区湖山大道东侧、银山大道南北两侧，该项目总建设用地约246亩，总建筑面积约46. 5万平方米，总投资约26.6亿元。项目内容包括总部大楼、科创园、商务中心、商务办公、商业等。
招商经理（产业园区）,15-25k,无锡,5-10年,大专及以上,岗位要求：1.全面参与科技园区的招商工作；2.协助上级制定招商战略规划、招商方案及招商计划；3.协助上及完成项目招商任务，完成公司下达的目标；4.完成领导交给的其他任务。任职资格：1.45岁以下，经济、工商管理等相关专业大专及以上学历；2.房地产类公司或政府招商、园区招商等5年以上招商工作经历，担任招商主管以上职务2年以上；3.熟悉国家房地产行业相关政策法规、政策，有科创资源及招商工作经验优先；4.有较强的组织、策划、分析、规划及上下级协调能力；5.具有优秀的综合管理素质和商务洽谈能力；熟练掌握办公等相关软件；6.具备良好沟通协调能力和服务意识、能力。    天能控股集团，是一家以电动车环保动力电池制造为主，集新能源汽车锂电池、汽车启动启停电池、风能太阳能储能电池的研发、生产、销售，以及城市智能微电网建设、绿色智造产业园建设等为一体的大型实业企业。    截至目前，公司已在浙、苏、皖、豫、黔五省建成十大生产基地，下属子公司30多家，是中国新能源动力电池行业。     天能产城发展事业部，是天能控股集团直属经营单位，将在湖州打造标杆项目——天能太湖科技城项目，位于湖州太湖之滨，南太湖新区湖山大道东侧、银山大道南北两侧，该项目总建设用地约246亩，总建筑面积约46. 5万平方米，总投资约26.6亿元。项目内容包括总部大楼、科创园、商务中心、商务办公、商业等。
产业服务经理(园区入驻企业政策研究),15-30k,南京,5-10年,大专及以上,岗位要求：1.持续跟进产业政策、税收优惠政策、奖励政策、人才政策等研究；2.为目标企业提供政策申请、入园注册等相关服务工作；3.为入园企业提供日常服务，并针对性地提供资源对接；4.发掘客户需求定期汇总分析，整合集团产业资源，完善公司业务链；5.领导交办的其他工作。任职资格：1.40岁以下，经济、工商管理等相关专业本科及以上学历；2.房地产类公司或相关行业5年以上工作经历，担任产业落地服务主管以上职务2年以上；3.熟悉国家房地产行业相关政策法规，熟悉产业招商政策，精通产业招商，对区域经济、产业政策等有一定的研究；熟练掌握办公等相关软件；4.具备与政府、招引企业良好沟通协调能力和服务意识。天能控股集团，是一家以电动车环保动力电池制造为主，集新能源汽车锂电池、汽车启动启停电池、风能太阳能储能电池的研发、生产、销售，以及城市智能微电网建设、绿色智造产业园建设等为一体的大型实业企业。截至目前，公司已在浙、苏、皖、豫、黔五省建成十大生产基地，下属子公司30多家，是中国新能源动力电池行业。天能产城发展事业部，是天能控股集团直属经营单位，将在湖州打造标杆项目——天能太湖科技城项目，位于湖州太湖之滨，南太湖新区湖山大道东侧、银山大道南北两侧，该项目总建设用地约246亩，总建筑面积约46. 5万平方米，总投资约26.6亿元。项目内容包括总部大楼、科创园、商务中心、商务办公、商业等。
5G能源行业方案架构师,25-30k,南京,3-5年,本科及以上,"工作职责:1.负责能源电力（电力、煤矿、石油天然气）方案规划，了解分析客户业务场景和痛点需求，把握业界动态及技术方向，输出相关报告，指导公司在能源行业的经营决策；2.负责开发能源典型业务场景的解决方案，对解决方案可实施性和可商用落地负责；与公司无线、有线等产品线对接，驱动成熟产品功能演进或新产品规划开发，满足能源解决方案场景关键需求；3.负责能源电力解决方案的客户技术沟通、技术支撑，保障重大项目及示范项目落地交付；4.负责能源电力方案相关对外合作的拓展、交流及产品引入；5.参与行业标准及联盟组织的相关规范、标准的制定和研究报告输出；6.支持能源电力相关展厅、展会、论坛等品牌活动。任职资格:1.了解能源电力行业，包括发电、电网、煤矿、石油天然气等领域的信息化、自动化、通信系统，了解智能电网、能源互联网、智慧能源、智能矿山、油田生产物联网等概念； 2.熟悉5G网络及技术、无线通信、核心网、承载网、云计算，大型软件系统等产品技术或其中之一的，具备解决方案开发能力及产品开发经验者优先；3.有能源电力行业相关行业从业经历者优先，优选能源电力自动化知名厂商相关工作经历者；4.具备团队协作精神，推动事项进展能力强，沟通能力强, 具备主动意识和积极进取的工作态度，头脑灵活，能够利用高效的工作方法快速解决问题；5.适应较为频繁的短期出差；"
销售员,3-4k,南京,经验不限,学历不限,"职责描述：根据公司的目标，负责公司光纤配套设备产品的销售任职要求：1、大专及以上学历，市场营销等相关专业。2、对光通信设备产品及轨道交通、安防、机房大数据、智能电网、工业现场任一背景销售经验优先。3、工作积极主动，具备良好的商务谈判掌控能力、高度的责任感及善于分析、沟通与解决问题的能力。4、具备较强的销售经验，市场营销经验及渠道拓展经验。5、具有团队合作精神,有良好的计划力和执行力，有很强的事业心。"
高级销售代表,5-8k,南京,1-3年,大专及以上,"职责描述：根据公司的目标，负责公司产品的销售任职要求：1、大专及以上学历，市场营销等相关专业。2、对光通信设备产品及轨道交通、安防、机房大数据、智能电网、工业现场任一背景销售经验优先。3、工作积极主动，具备良好的商务谈判掌控能力、高度的责任感及善于分析、沟通与解决问题的能力。4、具备较强的销售经验，市场营销经验及渠道拓展经验。5、具有团队合作精神,有良好的计划力和执行力，有很强的事业心。工资福利：5K+提成"
销售业务经理,6-9k,南京,3-5年,大专及以上,"职责描述：1、建立及管理销售团队。2、参与制定团队销售指标，制订销售计划。3、进行合理的销售任务分解，带领销售团队完成销售任务。4、负责产品线对应客户开发，根据市场情况制定销售计划及目标，与客户建立合作关系。5、负责产品推广，与客户进行销售商务谈判，达成订单，订单出货及货款回收跟进。了解和掌握市场信息，了解客户的产品规划及项目状况，更新并及时反馈。任职要求：1、大专及以上学历，市场营销等相关专业。2、对光通信设备产品及轨道交通、安防、机房大数据、智能电网、工业现场任一背景销售经验优先。工作积极主动，具备良好的商务谈判掌控能力、高度的责任感及善于分析、沟通与解决问题的能力。4、具备较强的销售经验，市场营销经验及渠道拓展经验。5、具有团队合作精神,有良好的计划力和执行力，有很强的事业心。福利：五险一金，周末双休，法定节假日，春游，年会，全勤奖"
销售经理,6-9k,南京,3-5年,大专及以上,"职责描述：1、建立及管理销售团队。2、参与制定团队销售指标，制订销售计划。3、进行合理的销售任务分解，带领销售团队完成销售任务。4、负责产品线对应客户开发，根据市场情况制定销售计划及目标，与客户建立合作关系。5、负责产品推广，与客户进行销售商务谈判，达成订单，订单出货及货款回收跟进。了解和掌握市场信息，了解客户的产品规划及项目状况，更新并及时反馈。任职要求：1、大专及以上学历，市场营销等相关专业。2、对光通信设备产品及轨道交通、安防、机房大数据、智能电网、工业现场任一背景销售经验优先。3、工作积极主动，具备良好的商务谈判掌控能力、高度的责任感及善于分析、沟通与解决问题的能力。4、具备较强的销售经验，市场营销经验及渠道拓展经验。5、具有团队合作精神,有良好的计划力和执行力，有很强的事业心。福利：五险一金，周末双休，法定节假日，春游，年会，全勤奖"
SI EP TSS 低压配电 技术支持工程师 常州,薪资面议,常州,5-10年,统招本科,"西门子智能基础设施集团致力于通过智能地连接能源系统、楼宇和工业，改善人类的生活和工作方式，以显著提高效率和可持续性,共创智能基础设施的新生态。集团持续创新，将面向未来的前沿科技不断融入业务组合。目前，集团在中国拥有9个研发中心，12家运营公司，60余所城市设有办公地。正在寻求挑战吗？您可以考虑加入西门子智能基础设施集团 低压配电 技术支持团队！ * 负责区域办事处终端客户、项目客户、盘厂客户以及分销商客户的技术支持工作，包括售前、售中和售后环节，协助区域业务发展经理拓展所负责区域内的客户和业务； * 配合办事处的销售团队，共同跟进并推动订单落地； * 配合办事处共同推进经销商自有业务； * 配合办事处共同跟进已签约战略客户三箱项目并推动订单落地； * 自主开发跟进办事处空白的项目、客户、盘厂，扩大低压配电产品业务机会及产出； * 按公司规程要求向区域业务发展经理定期汇报。我们希望您： * 电气工程，自动化等相关专业，大学本科或以上学历； * 超过2年的低压电气产品（断路器、开关柜、继电保护）技术支持或销售经验； * 良好的英语读写能力优先 * 优秀的语言表达能力，沟通技巧和团队合作能力； * 熟悉常用的办公软件系统； * 勤奋努力，热爱销售工作。通过智慧能源解决方案，打造更智能的电网，在日新月异的电网生态系统中，创造新机遇。还在等什么，快来加入吧！At Siemens, we value diversity as the inclusion of and collaboration of different thinking, background, experience, expertise and individual qualities across all organization levels and dimensions. We encourage and support our employees to develop their personal skills and strengths, regardless of gender identity, nationality, age, religious beliefs etc.. We believe diversity strengthens our innovative capacity, unleashes the potential of Siemens’ employees and thereby directly contributes to our business success."
