新能源导电碳材料技术负责人,30-50k·14薪,无锡-梁溪区,无,统招本科,1.在总经理领导下，主管公司技术工作，组织编制公司技术开发和技术发展的长远规划；2.制定并审核公司技术管理制度和技术规程标准，且根据现状适时对其进行补充和完善；3.负责组织开展技术改进费用的分析工作，制定成本降低方案，有效控制费用；4.关注行业新技术，组织制定新产品开发计划，确保技术的超前性、竞争性；5.组织指导、监督技术工程师及时妥善处理生产过程中的技术问题；6.确保公司新项目技术方面的顺利推进，协助实施技术方案的评审工作，推动项目按时完成；7.对公司的主要技术和研发成果直接领导及指挥，保证与关联单位合作顺利，使研发成果落地，不断提高技术及工艺水平；8.具有良好的团队领导能力，对部门技术人员及时进行工作指导、安排培训；9.公司全面工程技术总结工作；10、完成领导交办的其他任务。任职要求：1、化学、材料相关专业；2、10年以上相关行业工作经历，且5年以上大型公司或项目管理经验；3、熟悉新能源汽车行业标准、法规及体系流程；4、熟悉导电碳材料及其衍生产品的工艺及体系流程；5、具备优秀的团队管理能力、领导能力、专业胜任能力及忠诚度；6、有创新意识，能准确把握行业脉搏，有较强的逻辑性，语言表达能力良好，优秀的沟通协调能力。
研发工程师_ 碳纳米材料制备及应用,10-15k,无锡-锡山区,1-3年,硕士及以上,岗位职责：1、参与碳纳米材料（碳纳米纤维、碳纳米管、石墨烯等）的研发工作，制定并优化工艺路线；2、研发技术文档、科研立项材料、专利等的撰写；3、完成上级交办的其他事项。岗位要求：学历要求：硕士及以上专业要求：催化、化学、化工、材料科学与工程、能源材料等相关专业。有催化剂的制备、化学反应器（固定床、流化床等）的设计优化、分离纯化、锂电池导电剂等方面研发经验者优先。工作经验要求：2年及以上其他要求：细致严谨，有较强的沟通协调能力和团队意识。
高级研发工程师_ 碳纳米材料制备及应用,20-30k,无锡-锡山区,1-3年,博士,岗位职责：1、负责碳纳米材料（碳纳米纤维、碳纳米管、石墨烯等）的研发工作，制定并优化工艺路线；2、制定完善研发相关规章制度；3、负责研发技术文档、科研立项材料、专利等的撰写；4、完成上级交办的其他事项。岗位要求：学历要求：博士专业要求：催化、化学、化工、材料科学与工程、能源材料等相关专业。有催化剂的制备、化学反应器（固定床、流化床等）的设计优化、分离纯化、锂电池材料等方面研发经验者优先。工作经验要求：2年及以上其他要求：较强的沟通协调能力和管理能力。
研发工程师-碳纳米材料制备及应用,10-15k,无锡-锡山区,1-3年,硕士及以上,岗位职责：1、参与碳纳米材料（碳纳米纤维、碳纳米管、石墨烯等）的研发工作，制定并优化工艺路线；2、研发技术文档、科研立项材料、专利等的撰写；3、完成上级交办的其他事项。任职要求： 学历要求：硕士及以上专业要求：催化、化学、化工、材料科学与工程、能源材料等相关专业。有催化剂的制备、化学反应器（固定床、流化床等）的设计优化、分离纯化、锂电池导电剂等方面研发经验者优先。工作经验要求：2年及以上其他要求：细致严谨，有较强的沟通协调能力和团队意识。
复合材料工程师（碳纤、玻纤）,18-25k,无锡-锡山区,3-5年,本科及以上,职责描述：1、负责制定产品工艺方案与技术标准，编制工艺文件； 2、负责产品制造过程的作业规范、加工流程及工艺执行的监督；3、负责指导、协调、解决生产过程中出现的技术问题； 4、负责组织实施产品工艺改进试验，提升改善产品质量稳定性；5、负责组织新产品、新技术项目的研制工作，研究改进现有产品。任职要求：1. 熟悉环氧树脂性能特点，有相关树脂研发合成经验；2. 了解玻纤（玻璃钢）、碳纤维复合材料手糊、缠绕、预浸料等多种复合材料成型工艺方法； 3. 具有根据产品要求设计或改善树脂配方，完成产品生产工艺制作能力；  4. 熟练使用Auto CAD、SolidWorks、UG或CATIA等其中一种工程软件，具备一定的工程图纸理解能力；5. 本科以上：材料、化学、高分子、化工等相关专业。
研发经理（导电材料）,30-40k·14薪,常州,经验不限,硕士及以上,工作内容：1. 含导电碳材料的一些塑胶复合材料制备、配方改进及相关应用产品开发；2. 能独立进行实验设计及产品应用开发；3. 按照项目进度开展试验，并按期保质保量完成项目；4. 能够按照客户要求改进产品设计及优化性能。任职要求：1. 硕士以上学位，化学、材料、高分子等相关专业；2. 具有3年以上塑胶复合材料相关领域工作经验；3. 熟悉各种塑胶原料基础知识与加工能力，具有塑胶材料特性改性能力，熟悉塑胶复合材料前沿领域进展和技术发展趋势。4. 具有材料力学分析经验；5. 需有操作挤出机及生产设备能力。6. 热爱研发工作，具备较强的技术和工艺资料收集分析和论文写作能力；7. 认真严谨，思路清晰，具有良好的沟通、协调、抗压力和学习能力。研发方向就是碳纳米管、导电塑料、锂电月薪：20-40K+股票激励福利待遇：五险一金（养老、医疗、失业、工伤、生育，公积金按照12%比例缴纳）补充医疗及意外险（商业保险）健康体检免费工作餐带薪休假（年假、婚假、丧假、产假等）节假日福利教育培训（专业的内训与外训，技术人员有海外教育经验导师带领培训）年终奖金项目提成购房补贴+租房补贴+生活补贴+留镇学费补助+社保补贴
项目经理（导电塑料）,30-50k·13薪,常州-武进区,3-5年,硕士及以上,工作内容：1. 含导电碳材料的一些塑胶复合材料制备、配方改进及相关应用产品开发；2. 能独立进行实验设计及产品应用开发；3. 按照项目进度开展试验，并按期保质保量完成项目；4. 能够按照客户要求改进产品设计及优化性能。任职要求：1. 硕士以上学位，化学、材料、高分子等相关专业；2. 具有3年以上塑胶复合材料相关领域工作经验；3. 熟悉各种塑胶原料基础知识与加工能力，具有塑胶材料特性改性能力，熟悉塑胶复合材料前沿领域进展和技术发展趋势。4. 具有材料力学分析经验；5. 需有操作挤出机及生产设备能力。6. 有碳纳米管与石墨烯加工应用者更佳；7. 热爱研发工作，具备较强的技术和工艺资料收集分析和论文写作能力； 8. 认真严谨，思路清晰，具有良好的沟通、协调、抗压力和学习能力。
项目经理（导电塑料）,30-50k,镇江-京口区,3-5年,硕士及以上,工作内容：1. 含导电碳材料的一些塑胶复合材料制备、配方改进及相关应用产品开发；2. 能独立进行实验设计及产品应用开发；3. 按照项目进度开展试验，并按期保质保量完成项目；4. 能够按照客户要求改进产品设计及优化性能。任职要求：1. 硕士以上学位，化学、材料、高分子等相关专业；2. 具有3年以上塑胶复合材料相关领域工作经验；3. 熟悉各种塑胶原料基础知识与加工能力，具有塑胶材料特性改性能力，熟悉塑胶复合材料前沿领域进展和技术发展趋势。4. 具有材料力学分析经验；5. 需有操作挤出机及生产设备能力。6. 有碳纳米管与石墨烯加工应用者更佳；7. 热爱研发工作，具备较强的技术和工艺资料收集分析和论文写作能力； 8. 认真严谨，思路清晰，具有良好的沟通、协调、抗压力和学习能力。
研发主管,20-30k,无锡-锡山区,1-3年,博士,岗位职责：1、配合项目负责人参与碳纳米材料的研发及新工艺的制定，提出材料研发过程中的工艺问题并参与解决，不断改进、完善现有的制造工艺；2、负责实验室的日常维护管理；3、制定完善部门规章制度；4、负责科研立项材料及相关技术材料和专利的撰写；5、完成上级交办的其他事项。任职要求：学历要求：博士专业要求：材料科学与工程、催化、化学、能源材料等相关专业工作经验要求：3年以上其他要求：较强的沟通协调能力和管理能力。
研发工程师,10-15k,无锡-锡山区,经验不限,硕士及以上,职责描述：1、配合研发主管参与碳纳米材料的研发及新工艺的制定，提出材料研发过程中的工艺问题并参与解决，不断改进、完善现有的制造工艺；2、参与实验室的日常维护管理，对实验室设备运转及实验过程发现的异常情况及时反馈并记录；3、协助制定完善部门规章制度；4、协助科研立项材料及相关技术材料和专利的撰写；5、完成上级交办的其他事项。任职要求：学历：硕士专业：材料科学与工程、催化、化学、能源材料等相关专业。其他要求：细致严谨，有较强的沟通协调能力和团队意识。有催化剂研发经验者优先。
质量检测员,6-9k,苏州-太仓,3-5年,大专及以上,"特别说明:我公司太仓制造中心（太仓市城厢镇太仓市科技产业园横四路51号）预计于2021年底启用。 该职位的工作地点前期为上海市松江区（松江区小昆山镇大港乐都西路2715号）。 新厂房启用后，工作地点迁至太仓制造中心。 目前居住太仓候选人，随迁前至上海工作期间，不搭乘班车者每月可享一千元临时住宿补贴。 太仓往返松江通勤班车已开通，7：00自太仓城厢镇南郊小学发车，8：15至公司。一、工作职责1.对供应商提供的产品进行质量检验，及时发现问题和汇报2.对供应商的在制品进行质量检验并提供技术支持3.工作中发现的生产或装配工作中的技术问题及时与领导或技术部沟通4.熟悉质量检验及控制流程. 5.跟踪和协调供应商不合格处理6.配合生产线分析和测量工作二、任职要求：1.中专及以上学历，机械类及相关专业优先2.3年以上在机械行业的相关工作经验，熟悉机械加工工艺,有项目型质量控制经验。3.熟悉碳钢类材料相关标准，了解钢结构制造流程及相应工序和要求，有焊接检验经验。4.能够熟练使用常规量具如：卡尺，千分尺，高度尺，5.良好的沟通表达能力，有责任心三、公司各项福利：1.现金类福利：除基本工资外，员工享有交通补贴（全员享有/每月发放），季度运营奖金（运营相关人员享有/季度发放），高温津贴（全员享有/6~9月发放/车间250元每月），年终奖（依公司及个人业绩综合评估/1~2个月基本工资不等）。2.非现金类福利：社保公积金：公司为全体员工缴纳社保和公积金，缴纳基数依员工上一年月平均收入为准；年休假：员工加入公司时如已连续工作12个月，即享有10天年休，此后服务期限每满一年增加一天；带薪病假：员工服务满一年，可享有每年4天的带薪病假；其他休假：员工依法享有各类婚假/产假/陪产假等；年度旅游：公司每年统一组织全体员工国内3~5天的旅游；年度体检：公司每年为员工提供价值1200元的年度体检卡；节日福利：开门红包，春节慰问，端午慰问，中秋慰问，年会聚餐；商业保险：公司为每位员工购买商业意外保险和意外医疗保险；其他福利：免费工作餐及加班，高质量工作服安全鞋等等。四、公司上下班时间：-公司采五天八小时的工作方式，平时及周末加班采调休或依1.5倍标准结算加班费；-上午8：30~12：00，下午12：30~17：00；-车间人员加班在遵守劳动法情况下，平均每月20~30小时左右。-车间人员上下午均有工间休息时间；-公司为非标定制项目，车间工作依项目制方式运转，工作安排及环境较为人性化；五、公司班车路线：太仓班车线路：7:00（太仓城厢镇南郊小学）—8:15(公司）松江班车线路：07:20发车(泗泾站)— 07:35发车(西外) —07:45(荣乐路谷阳路) —07:53(白洋小区) —08:00(新理想) —08:20(公司)莘庄班车线路：07:40发车(莘庄地铁站北广场)— 07:45(莘庄乐购) —07:50(G60中春路)—08:20(公司)"
研发工程师助理,5-7k,常州-金坛区,经验不限,本科及以上,1.    新产品研发以及相关工艺的调试；2.    主要负责电化学制备或者改性碳材料；3.    能够独立完成公司指定研发任务，独立完成研究课题的分析总结。任职要求：1.    具有电化学或有机化学或高分子化学背景；2.    具有电化学制备或者改性碳材料经验者或具有修饰或者改性碳材料经验者优先；3.    对碳材料（纳米碳材料）领域有一定认知；4.    具有良好的阅读文献（英文为主）以及总结文献能力。微信分享
负极材料研发,15-25k·14薪,常州-溧阳,3-5年,统招本科,岗位职责：1、协助上级进行负极材料（硬碳、软碳）方向的研发及中试工作；2、协助上级进行原料、半成品、成品的研发、中试生产工艺和流程探索以及检测分析；3、协助上级进行实验数据汇总、分析、整理，及时解决遇到的技术问题；4、跟进国内外本领域知识产权进展，协助进行项目申报及知识产权管理工作；5、完成领导安排的其他工作；任职要求： 本科及以上学历，材料、化工、电化学等相关专业；有1年以上大中型锂离子电池负极材料公司研发及管理经验。
研发工程师,5-7k,常州,经验不限,本科及以上,岗位职责：1.负责新产品研发以及相关工艺的调试；2.主要负责石墨烯等新型碳素材料的研究开发；3.能够独立完成公司指定研发任务，独立完成研究课题的分析总结。任职要求：1.具有电化学或高分子化学背景优先，交叉学科背景亦可；2.具有新型碳材料制备或者改性经验者优先；3.具有良好的阅读文献（英文文献）以及文献总结能力。4.对碳材料领域有一定认知，有优秀论文者优先；
技术型管培生,5-7k,常州-金坛区,1-3年,本科及以上,岗位职责：1.熟悉1-2个方向石墨烯或相关材料的行业背景知识，熟悉公司相关制度与基本管理流程；2.有能力进行相关技术岗位轮动，可以比较好的发起组织团队建设活动；3.掌握文献检索与信息搜集技巧，有比较好的沟通协作能力；4.能有意识地去收集和整理产业市场需求和资讯。岗位要求：本科及以上学历，理工科、高分子合成技术背景，良好的职业道德；具备良好的人际关系，成熟的人格，并有较强的学习能力、计划能力、组织协调能力和一定的组建团队的能力；对从事技术管理工作热爱，专业知识扎实、职业定位及规划清晰；具有一定材料（碳材料，纳米材料和其应用研究）研发经验者优先；具有PMP或项目管理经验者优先。
电池材料工程师助理,5-7k,常州-金坛区,经验不限,本科及以上,1.负责新产品研发及相关工艺调试；2.主要负责石墨烯等新型碳素材料的研究发展；3.能够独立完成公司指定的研发任务，独立完成研究课题的分析总结。任职要求：1.    具有电化学或有机化学或高分子化学背景；2.    对碳材料领域有一定认知，有有优秀论文者优先；3.    具有对新型材料制备或改性经验者优先；4.    具有良好的阅读文献（英文为主）以及总结文献能力。微信分享
技术型管培生,5-7k,常州,1-3年,本科及以上,岗位职责：1.熟悉1-2个方向石墨烯或相关材料的行业背景知识，熟悉公司相关制度与基本管理流程；2.有能力进行相关技术岗位轮动，可以比较好的发起组织团队建设活动；3.掌握文献检索与信息搜集技巧，有比较好的沟通协作能力；4.能有意识地去收集和整理产业市场需求和资讯。岗位要求：本科及以上学历，理工科背景，良好的职业道德；具备良好的人际关系，成熟的人格，并有较强的学习能力、计划能力、组织协调能力和一定的组建团队的能力；对从事技术管理工作热爱，专业知识扎实、职业定位及规划清晰；具有一定材料（碳材料，纳米材料和其应用研究）研发经验者优先；具有PMP或项目管理经验者优先。
石墨烯研发工程师,6-12k,常州-金坛区,经验不限,硕士及以上,职责描述：1.	负责新型石墨烯材料的研发；2.	负责石墨烯相关应用型产品的开发；3.	参与石墨烯新型加工改性生产线的建设；任职要求：1.	硕士及以上，有工作经验者可放宽；2.	化工、碳材料、石墨烯相关专业优先；3.	能独立掌握制备石墨烯的操作流程；4.	在石墨烯制备方面有创新成果或者是方法的研究者优先。
负极材料研发高级工程师,25-40k·17薪,常州,3-5年,硕士及以上,职位信息1. 参与电芯项目开发，根据锂离子或钠离子电芯分解的负极材料需求：克容量、压实、循环寿命和成本等，组织开展和执行材料调研和供应商技术交流、性能和制程验证和编制原材料技术标准等，对整个电芯开发过程负极材料的导入技术支持。2. 研究锂离子电池负极或钠离子电池负极材料物化指标与性能的构效关系3. 针对当前负极材料不足提出改善思路，联合供应商进行样品制备以及性能验证，定制化材料并导入电芯产品，提高电芯产品竞争力4. 主要开发方向：锂离子电池负极长寿命方向，钠离子电池负极能量密度和寿命提高 任职要求：1. 硕士及以上学历，3年以上工作经验2. 化学或材料相关专业背景3. 可以很好完成领导安排的工作4. 有人造石墨、硬碳等负极材料研发背景优先
材料工程师,15-25k,苏州,3-5年,硕士及以上,职责描述：1、仿真设计及测试分析方向；2、陶瓷基复合材料及纳米碳基超黑材料方向；3、自适应功能材料制备与集成 气凝胶制备工艺优化方向；4、高性能纤维材料，功能纤维，树脂基复合材料，特种防护材料、特种织物方向；5、特殊光学材料设计与制备方向6、电池组装工艺，模组设计及集成任职要求：1、硕士及以上学历；材料物理与器件、物理化学、材料理论模拟等相关专业；2、具有材料理论设计及模拟加工方面研发经验2年以上者优先考虑；3、优秀表达与沟通能力、良好团队协作能力。
纳米材料工程师,8-20k·13薪,常州,1-3年,本科及以上,岗位职责：1、碳纳米管材料制备及其微观结构分析；2.  碳纳米管制备工艺改进与优化；3.  碳纳米管应用技术研究，相关国际前沿技术状态跟踪。任职要求：1. 本科以上学历，材料学、化学等相关专业；2. 有纳米材料、纳米技术的工作经验；3. 具备较强的英语水平，可独立使用英语检索和收集信息，阅读翻译资料文献。
质量主管,6-8k,常州,1-3年,大专及以上,职责描述：1、完善质量检验体系，制定工作流程和表单；2、负责制定质量检验计划；3、原辅材料的入厂检验；4、生产现场过程检验；5、分析检验报告，提出改进方案；6、计量器具管理；7、质量体系以及相关管理制度文件的编写。任职要求：1、大专及以上学历；2、有机械行业工作经验；3、有2-5年质量管理相关工作经验。
电化学装置工程师/电解工程师,10-12k,常州-金坛区,3-5年,硕士及以上,岗位描述：1.进行电解装置（电解槽，电极结构和选材等）的设计、改造和搭建测试；2.完成设计图纸的绘制与对外协调定制工作；3.掌握并能解决电解或电镀等常规作业中所出现的问题；4.跟进电解行业新技术进展，包括新工艺和新装备；5.对现场一线成员进行培训，协助成员解决实验过程中电化学装置方面的技术问题。技能要求：1.具有4年以上电解或电镀等行业从业经验，有研发背景者优先；2.有电解槽，电极结构等电解装置的设计和调试经验者优先；3.熟悉电解作业过程中的安全作业规范和环保等相关要求；4.会使用autocad或solidworks等画图软件、office办公软件；5. 良好的沟通能力，学习能力。其他福利待遇：项目奖金+专利奖+***60万安家补助
盘固水泥集团有限公司-销售区域经理,8-10k,常州-金坛区,经验不限,本科及以上,1、走访区域客户，开拓销售市场，完成客户合作和销售任务2、完成业务部布署的市场调研任务，提交详细、有价值的水泥市场调研报告3、性格开朗大方，有责任心
项目监理/助理项目监理,6-10k,常州-金坛区,1-3年,硕士及以上,1、负责1~2个项目的调研，可行性判断并编制可行性研究报告和项目计划书等；2、负责小项目的立项，小型团队的组建（≤7人），项目任务分解，项目任务分配，并推动项目计划的执行、项目结题和项目成果的分配等；3、有效控制项目进度，项目质量，完成阶段性目标，进行阶段性数据整理和数据库更新；4、能同时对1-2项目的技术动态，行业信息和客户信息进行定期跟踪、分析及总结报告；                                                   5、有属于自己的产业市场需求和资讯体系，人脉关系。任职要求：1、有3年以上石墨烯或相关行业工作经验，至少有2年的项目管理相关经验；2、能够熟悉项目制的管理制度，能有效的控制项目进度和数据的记录；2、有优秀的语言组织沟通能力，团队意识强；3、硕士以上学历，有化学相关专业知识和技能优先。微信分享
盘星新金属-设备设计工程师,8-10k,常州-金坛区,经验不限,学历不限,工作内容：a) 辅助完成设备改造，生产线自动化改造等；b) 非标设备的制造跟进、安装调试等；c) 设备日常检修维护，解决生产过程中的设备问题；d) 发现、总结装配中存在的问题，并提出整改意见；e) 根据主管要求完成任务。职位要求：a) 专科及以上学历（可适当放宽），机械、自动化相关专业优先；b) 工作执行力强，态度端正，认真负责；c) 具有丰富的机械知识和经验，精通CAD、SolidWorks等制图软件。工作时间：8小时工作制工作地点：江苏省常州市金坛区福利待遇：a) 保险：五险；b) 补贴：硕士、博士可获政府人才补助；c) 食宿：人才公寓、自助工作餐；d) 晋升：每半年~一年升职加薪机会，优秀者可获在职硕/博士培养资格；e) 健康：每年定期体检，费用由公司承担（厂房洁净，无污染）；f) 其他：公费旅游、过节费、高温费、节日福利等。微信分享
盘星新金属-3D打印工程师,6-8k,常州-金坛区,经验不限,学历不限,工作内容：a) 3D打印SLM工艺开发、参数设计、产品性能改进；c) 3D打印后序工艺开发，主要包括热处理、去支撑、打磨抛光、清洗。d) 对SLM打印工艺进行优化，不断提高产品力学性能、外观等各项质量要求。职位要求：a) 本科学历（可适当放宽），机械类、材料类相关专业优先；b) 两年以上相关工作经验。工作时间：8小时工作制福利待遇：a) 保险：五险；b) 补贴：硕士、博士可获政府人才补助；c) 食宿：人才公寓、自助工作餐；d) 晋升：每半年~一年升职加薪机会；e) 其他：公费旅游、过节费、高温费、节日福利等。微信分享
盘星新金属-金属材料研发工程师,6-8k,常州-金坛区,经验不限,学历不限,a) 负责合金材料、金属粉末的开发；b) 根据合金材料、金属粉末开发计划进行成分设计、试制、测试等；c) 负责合金制备和应用工艺开发；职位要求：a) 硕士学历，理工类专业，材料专业，金属材料类优先；b) 踏实，有钻研精神，认真负责；c) 动手能力强。工作时间：8小时工作制工作地点：江苏省常州市金坛区福利待遇：a) 保险：五险；b) 补贴：硕士、博士可获政府人才补助；c) 食宿：人才公寓、自助工作餐；d) 晋升：每半年~一年升职加薪机会，优秀者可获在职硕/博士培养资格；e) 其他：公费旅游、过节费、高温费、节日福利等。微信分享
盘星新金属-区域经理,6-8k,常州-金坛区,1-3年,大专及以上,a) 了解金属粉末客户及客户需求，了解产品及负责区域市场；b) 开发新客户，维护老客户，形成稳定客源；c) 收集行业信息和客户信息，完成每月销售目标；d） 协助3d打印机销售和市场开拓；e) 根据市场总监要求完成任务。a) 本科学历（可适当放宽），机械类、材料类相关专业优先；b) 1年以上销售工作经验尤佳（有金属粉末/金属材料/3D打印销售经验者优先）；c) 有行业内（金属粉末/金属材料/3D打印）资源者优先考虑。d)有航空航天、军工单位背景者优先。微信分享
科威尔焊接（江苏）有限公司——操作工,4-7k,常州-金坛区,经验不限,学历不限,吃苦耐劳微信分享
科威尔焊接（江苏）有限公司——销售员,3-8k,常州-金坛区,1-3年,大专及以上,岗位职责：1.负责市场走访和产品推广销售工作2.负责已经合作客户的日常维护和服务工作任职要求：1.两年以上销售工作经验或应届毕业生2.性格开朗，思维敏捷，语言表述清晰3.有金属材料学专业背景优先4.能够适应长期出差微信分享
科威尔焊接（江苏）有限公司——销售管理,5-6k,常州-金坛区,1-3年,大专及以上,岗位职责：1.负责公司销售产品的后续服务跟踪事务2.负责公司客户档案管理3.负责公司线上平台推广和各类产品宣传推广工作4.负责销售部门内部日常管理工作5.负责公司销售相关各项活动的组织安排6.负责公司产品外贸推广和各项出口手续的办理工作任职要求：1.两年以上工业制造企业销售内部管理工作经验2.熟练使用办公软件3.有外贸、电商平台推广工作经验优先微信分享
中控操作员-盘固水泥集团有限公司,5-6k,常州-金坛区,经验不限,大专及以上,1、按照操作规程执行操作参数及设备的开、停机操作，确保设备正常稳定运行。2、生产过程中密切监控操作画面上各种操作参数，出现异常情况及时分析、判断并按规定程序进行处理。任职要求：1、大专以上学历，电气自动化或机械设备等相关专业优先；2、35周岁以下，身体健康，具备吃苦耐劳、好学上进的优良品质，能够适应三班制工作。微信分享
工艺工程师,5-7k,常州-金坛区,1-3年,本科及以上,独立完成现场作业指导编制；独立完成工装图纸的绘制与工装定制工作；掌握并解决生产现场的质量问题；负责新产品试制工艺的跟踪及作业指导书的完善工作；对现场一线员工进行培训。技能要求：1.具有丰富的现场问题解决经验；2.熟练使用solidworks绘画软件及办公软件；3.专业：机械机电类相关专业，精通装配工艺，有非标设备行业的装配工艺经验；4.会使用AutoCAD、Solidworks、office办公软件（电气需要eplan)；5.较强的沟通能力，学习能力。微信分享
营销策划/销售助理,4-6k,常州,1-3年,本科及以上,职位描述：1.负责公司日常工作安排；2. 公司宣传活动组织，微信公众号软文编写，企业网站管理工作；3. 完成上级安排的任务；4.销售相关文档管理及订单处理 ；5.与客户、各代理店的沟通协调等工作；6.负责公司销售合同及其他营销文件资料的管理、归类、整理、建档和保管工作。任职要求：1.本科及以上学历，有过宣传策划、淘宝业主经验优先；2.熟练运用AI、PS等平面设计工具及网页新媒体设计。3. 有一定的文字撰写功底；4. 工作认真踏实，积极主动，较好的沟通与表达能力；
营销策划,5-7k,常州-金坛区,1-3年,本科及以上,1.负责公司日常工作安排；2. 公司宣传活动组织，微信公众号软文编写，企业网站管理工作；3. 完成上级安排的任务。任职要求：1.本科及以上学历，有过宣传策划、淘宝业主经验优先；2.熟练运用AI、PS等平面设计工具及网页新媒体设计。3. 有一定的文字撰写功底；4. 工作认真踏实，积极主动，较好的沟通与表达能力；微信分享
销售工程师（X）,5-10k,常州-金坛区,经验不限,本科及以上,职责描述：1.负责石墨烯产品前期客户开发、维护工作；2.公司产品石墨烯的市场推广、销售工作。任职要求：1.本科及以上学历；2.材料、化工类专业优先；3.具备独立的产品与营销策划能力、推广能力、沟通协调能力等；4.具有市场前瞻性。福利待遇：1.经考核、面试合格录用后，起薪4500/月；2.经培训达到任职要求，正式任职后年薪5.4-12万元；3.享受国家规定的各项福利、提供食宿；4.提供工作餐、员工宿舍、定期旅游。
研发项目经理,20-40k,镇江,3-5年,硕士及以上,工作内容：1. 含导电碳材料的一些塑胶复合材料制备、配方改进及相关应用产品开发；2. 能独立进行实验设计及产品应用开发；3. 按照项目进度开展试验，并按期保质保量完成项目；4. 能够按照客户要求改进产品设计及优化性能。任职要求：1. 硕士以上学位，化学、材料、高分子等相关专业；2. 具有3年以上塑胶复合材料相关领域工作经验；3. 熟悉各种塑胶原料基础知识与加工能力，具有塑胶材料特性改性能力，熟悉塑胶复合材料前沿领域进展和技术发展趋势。4. 具有材料力学分析经验；5. 需有操作挤出机及生产设备能力。6. 有碳纳米管与石墨烯加工应用者更佳；7. 热爱研发工作，具备较强的技术和工艺资料收集分析和论文写作能力； 8. 认真严谨，思路清晰，具有良好的沟通、协调、抗压力和学习能力。
产品工程师（碳纤维）,11-18k,盐城,3-5年,大专及以上,工作内容:    1.负责新产品开发立项，策划产品开发的进度和计划；    2.熟悉塑胶材料的性能及模具结构；    3.项目开发到量产的跟进及对不良品的分析，并提出改善与解决；要求:    1.大专及以上学历，材料与模具专业；    2.有两年以上塑胶件产品开发经历；    3.有碳纤材料产品开发经验者优先。    4.到职时间4月底
复合材料研发工程师,7-10k·13薪,盐城,1-3年,本科及以上,职位信息：1.TS预浸布热压成型工艺相关专业能力2.协助业务以及客户端相关成型工艺技术服务支持3.PPG基本特性以及应用4.PPG生产工艺任职需求：1.本科以上学历，化学、化工、材料等相关专业；2.熟悉预浸工艺，预浸工艺从业经验大于两年；3.有环氧树脂的预浸布生产、研发经验；4.具有预浸布制品开发经验者优先；5.对石墨烯等碳纳米材料具有一定的认识6.具备良好的职业道德，认真细致，踏实稳重，以及良好的沟通、协调和学习能力。
热处理工程师,5-6k,苏州-相城区,1-3年,大专及以上,职责描述：1．控制现场工艺的实施过程，按工艺卡片操作规程对热处理工艺进行监控与指导，并做好记录和记录的保管；2．参与生产过程进度的跟催，收集并整理全部装炉情况数据，为季报、年报提供直接的数据；3．对现场有代表性的工件进行跟踪，对结果进行整理分析，为工艺改进提供依据；4．做好热处理过程中的巡检工作，及时解决热处理生产中出现的技术问题；5．进行热处理工艺及材料的检测分析，做好对检验结果的审核，发现问题及时处理并上报6．与质检部门密切合作，推行全面品质管理，确保产品达到质量要求，协助质管部进行质量检验、分析和提高7. 在进入车间时，穿劳防鞋，有较强的安全意识，保护自身安全8．完成上级领导交待的其他工作事项。任职要求：1． 大专（含以上），金属材料专业及相关专业2． 熟悉金相分析、硬度检测；熟悉井式气体渗碳炉设备操作规程；具备材料选择、工艺设计及方案实施的能力；具备分析和解决材料热处理中出现的质量问题的能力3． 敬业爱岗，吃苦耐劳，能提出利用新知识、新技术对现行生产工艺和设备进行高效、节能节材和环保改造的技术提案熟练使用办公软件，具有良好的语言表达能力沟通能力，良好的团队合作精神，良好的英文基础
品质工程师,6-8k·13薪,盐城,一年以下,统招本科,职位信息：1.负责原材料认证审核2.负责制程过程产品检验文件定义3.负责制程不良分析及改善对策追踪4.负责供应链管理5.主管交办的其他事项。任职需求：1.有材料，产品认证经验2.有相关体系基础3.有模具经验者优先4.有SQE工作经验者优先考虑
硅负极材料研发工程师,12-15k·13薪,常州,经验不限,硕士及以上,职位描述：岗位职责：1、负责硅碳、氧化亚硅等负极材料的应用研发、技术文件编写和硅碳批量导入；2、对硅碳、氧化亚硅等原材料供应商进行甄别和技术管控；3、负责实验室5S与实验仪器管理。任职要求：1、具有石墨/硅碳负极材料开发背景经验者优先；2、材料、化学、电化学等相关专业硕士及以上学历；3、具有良好的英文阅读能力、优秀的数据整理分析能力、熟练的报告撰写能力；4、具有3年以上锂电材料开发经验者优先；
研发工程师,10-15k,徐州,3-5年,硕士及以上,"职责描述：1) 担任项目核心研发人员, 负责新技术、新产品开发及中试生产技术指导；2) 负责收集国内外新技术、产品动向的技术资料；3) 负责编制相关技术文件,为有关部门提供技术支持；任职要求：1) 硕士学历及以上，精细化工, 化学化工、材料化学相关专业；2) 具有在煤焦油深加工、催化合成、碳材料、高分子材料、光电材料等应用开发经验者优先3) 对创新研究积极热情，责任心强；富有良好的沟通能力、执行力及抗压能力。工作地址：徐州市沛县经济开发区"
昂星新碳公司-高级工程师,9-11k,常州-金坛区,经验不限,硕士及以上,1.精通高分子功能复合材料相关行业知识技能，并有自己的判断力以及相关技术的深度积累；2.能快速学习并掌握同一领域多个研究方向上的知识和技能，有较优秀的技术管理协调能力和技术项目合作及推广能力；3.熟悉项目制的管理要求，具有组建小型项目团队的能力（≤5人），组织协调项目的立项/任务分解/任务分配，并负责推动项目计划的执行、结题和成果的分配等；4.有较好的组织沟通协作能力，能组织他人或合作者共同完成项目验收；5.有效推动技术项目的各资源合作，负责项目产品的研发、中试放大、产品应用开发合作、产品相关知识产权保护，协助产品的宣传推广等。任职要求：1.硕士及以上学历，理工科应届/往届生，复合材料、功能材料相关技术背景，良好的职业道德；2.具备良好的人际关系，成熟的人格，并拥有较强的学习能力、计划能力、理解能力、组织协调能力和自我管理的能力以及较强的执行力；3.热爱技术项目开发及项目管理工作，技术项目专业知识扎实、职业定位及规划清晰，思维活跃、逻辑清晰；4.具有一定技术项目（新型碳材料绿色环保制备及产业化，抗菌材料，导/散热材料，水性树脂材料，电磁屏蔽材料等）开发经验者优先；5.具有PMP、NPDP认证或项目管理经验者优先。
材料研发高级工程师,15-25k,苏州,5-10年,统招本科,工作职责：1.负责处理公司材料开发项目和公司新材料研究探索；2.负责处理公司各BG新材料项目异常和跟进；3.积极跟踪和挖掘3C行业内新材料趋势，提出新相关新材料项目；4. 主导产品从报价评估到开发量产全方位工作开展，是时间和成本等范畴内有效推进项目进度，并能指导他人；5.能够通过优化现有流程和工作方法解决工作中复杂、重大的问题，具备潜在工程风险识别及有效改善措施设定导入能力；6. 带领研发各类专案展开且能够保证有效输出，能够有效解决客户疑问，提升客户满意度，具备PDT leader水平并可承担其相关工程leader工作；7. 负责完成技术难度较高或复杂产品的引入开发，能够突破新技术，打破行业瓶颈，取得实用/发明专利，并转化为生产力，创造较大经济效益。任职要求：1.硕士及以上学历，材料相关专业，能看懂英语材料信息，具备一定的材料英语专业水平；2.良好的研发素质，独立负责项目管理经验3年以上；3.拥有丰富的材料研发经验，具有高分子材料、磁性材料、陶瓷材料或者碳材料背景加分； 4.具备团队合作精神，以结果为导向，积极主动；5.具有较强的创新能力和技术研判能力。
负极材料研发主管工程师,15-20k·14薪,苏州-昆山,3-5年,硕士及以上,岗位职责:1.钠离子电池负极材料合成（碳材料合成为主）；2.钠离子电池负极材料情报收集和总结；3.专利撰写；4.材料理化性能分析和电化学性能测试。任职资格:1.求学阶段研究方向为无定型碳合成；2.有较丰富的钠离子电池负极研发经验；3.在负极材料企业做石墨、软碳、硬碳研发有2年以上研发经验。
负极材料研发主管工程师 (职位编号：baoneng030426),15-20k,苏州-昆山,3-5年,硕士及以上,岗位职责:1.钠离子电池负极材料合成（碳材料合成为主）；2.钠离子电池负极材料情报收集和总结；3.专利撰写；4.材料理化性能分析和电化学性能测试。任职资格:1.求学阶段研究方向为无定型碳合成；2.有较丰富的钠离子电池负极研发经验；3.在负极材料企业做石墨、软碳、硬碳研发有2年以上研发经验。
塑料研发项目经理,20-35k·13薪,常州-武进区,5-10年,硕士及以上,职责描述：1、含导电碳材料的塑胶复合材料制备、配方改进及相关应用产品开发；2、能独立进行实验设计及产品应用开发；3、按照项目进度开展试验，并按期保质保量完成项目；4、能够按照客户要求改进产品设计及优化性能。任职要求：1、硕士及以上学历，化学类、材料类等相关专业；2、具有5年以上塑胶复合材料相关领域工作经验；3、熟悉各种塑胶原料基础知识与加工能力，具有塑胶材料特性改性能力，熟悉塑胶复合材料前沿领域进展和技术发展趋势；4、 具有材料力学分析经验，有操作挤出机及生产设备能力；5、有碳纳米管与石墨烯加工应用者优先；6、热爱研发工作，具备较强的技术和工艺资料收集分析和论文写作能力； 7、认真严谨，思路清晰，具有良好的沟通、协调、抗压力和学习能力。
塑料研发项目经理,薪资面议,镇江-京口区,5-10年,硕士及以上,职责描述：1、含导电碳材料的塑胶复合材料制备、配方改进及相关应用产品开发；2、能独立进行实验设计及产品应用开发；3、按照项目进度开展试验，并按期保质保量完成项目；4、能够按照客户要求改进产品设计及优化性能。任职要求：1、硕士及以上学历，化学类、材料类等相关专业；2、具有5年以上塑胶复合材料相关领域工作经验；3、熟悉各种塑胶原料基础知识与加工能力，具有塑胶材料特性改性能力；4、有碳纳米管与石墨烯加工应用者优先。
大客户销售,20-25k,南通,经验不限,本科及以上,南通市通州区某半导体行业新材料公司高薪招聘销售总监、销售经理。公司主要从事碳化硅石墨涂层、碳复合材料产品、碳化钽等高端产品的研发、生产和销售，产品涉及半导体工业的单晶硅生长炉用石墨件等领域。职位：销售总监、销售经理薪酬待遇：1-3万月薪，外加销售提成，公司提供免费住宿公寓。职位要求：1、本科以上学历；2、2-5五年以上半导体行业销售工作经验；3、年龄在25至35岁之间；4、有光电、芯片企业的石墨件材料销售经验优先。
人事主管,7-8k·13薪,盐城,5-10年,本科及以上,职责描述：1.5年及以上人力资源工作经验，2年及以上管理经验。2．熟悉人力资源管理各个职能模块均有较深入的认识，熟悉国家相关的政策、法律法规；3．具有很强的人力资源专业能力，沟通抗压能力、资源整合能力以及高层对话能力。具有丰富的人脉和人力资源储备信息。4．大型企业、制造业、化工行业工作经验者优先考虑；任职要求：1.	本科及以上学历2.	5年大型企业人事工作经验，3年以上管理经验。3.	熟悉人力资源6大模块、熟悉人事相关法律政策；4.	年龄27-38岁（硬性要求）。
检测工程师,6-8k·13薪,盐城,1-3年,本科及以上,职责描述：1.   负责日常产品制样，复合力学检测检测；2.   研究和探讨实验室制样方法及测试方法的建立和优化；3.   编写相关计算说明、检测报告等，分析测试结果，为研发中的材料提供检测方案。4.   提出测试过程中出现的各种问题的解决方案等。任职要求：1.高分子材料、复合材料、材料学等相关本科及以上学历；2.在复合材料成型及加工方面具有较强的实际操作能力；3.熟悉复合材料性能检测技术优先，熟悉通用复合材料行业用ISO标准及ASTM标准优先；4.熟悉复合材料领域国内外技术与市场发展动态，可根据市场情况提出发展建议；5.具备学习、分析能力，具有较强的创新意识。
检测课长,15-20k·14薪,盐城,5-10年,本科及以上,职责描述：1、负责编制实验室日常工作计划，并组织实施和检查执行情况并汇报；2、负责实验室检测能力的建立及建全工作；3、负责实验室技术人员能力培养与提升工作；4、负责实验室数据的收集、分析、规整以及测试数据库的建立与完善工作；5、负责实验室日常7S管理工作。 6、负责实验室与外部检验机构的沟通、交流工作。 7、负责实验室与公司内部需求单位间沟通协调工作。任职要求：1、化工、化学、高分子材料、复合材料、材料学等相关本科及以上学历；2、2年左右第三方测试机构（从事复合材料及相关材料检测及认证，有CNAS认证资质的。）工作经验；3、从事过风电行业GL认证并熟悉其相关流程及要求的优先。
风电技服工程师,7-15k·13薪,盐城,1-3年,大专及以上,职位要求：1.主要负责风电拉挤碳板及预浸料技术服务相关工作；2.有拉挤碳板及预浸料叶片应用经验优先；3.制定风电技术改造、技术升级方案并组织实施 ；4.风电电控部件批量损坏问题技术分析，提供解决优化方案；5.为销售工作提供技术支持，根据客户要求，编写技术方案，编写技术报告，为客户进行讲解等；6.上级主管交办的临时相关工作。任职要求：1.熟悉国家关于风电及分布式风电的相关政策、标准和行业规范；2.具备强烈的责任感、良好的敬业和团队合作精神及沟通能力；3.具有在风电设计单位相关工作经验者优先。
制程工程师,7-10k·13薪,盐城,3-5年,本科及以上,1.职责要求：1.制程优化  2.自动化开发 3.复合材料（拉挤或PPG工艺）或自动化开发相关经验3年及以上4.能跟线生产，配合解决制程异常。
风电销售工程师,10-15k·13薪,盐城,1-3年,本科及以上,职位要求：1.自行开发客户，国内国外不限2. 负责维护风电行业客户；3. 负责国外客户接待、业务联络；4. 负责文件翻译，精通英语（读，说，写）英语要特别好；5. 主管交办的其它工作 。任职要求：1.熟练操作常用操作办公软件；2.能适应长期出差，责任心强，具有很强的执行力；3.有电力设备、风电的销售经验更佳。
复合材料销售工程师,10-15k·13薪,盐城,1-3年,本科及以上,职位信息：1.负责各种途径调研热塑材料市场需求，在目标市场进行推广，开发新客户；2.及时了解送样客户试用信息，并在客户试用期间提供技术支持；3.及时反馈客户的抱怨及投诉，并协助相关部门进行处理；4.客户关系的日常维护；客户订单、出货、回款的督促。5.自行开发客户，国内国外不限；6.负责维护非风电行业客户；负责国外客户接待、业务联络；7. 负责文件翻译，精通英语（读，说，写）；8.主管交办的其它工作 。任职要求：1.大专及以上学历，化工类专业相关专业优先考虑；2.有一年以上复合材料行业相关工作经验，有电力设备的销售经验更佳；3.责任感强，具有高度敬业精神、团队合作精神；具备良好的沟通及表达能力；4.具有市场拓展能力，新客户开发能力；5.能适应长期出差，责任心强，具有很强的执行力；
助理工程师,5-7k·13薪,盐城,一年以下,统招本科,职责描述：1、研发部定向培养工程师，主营预浸料，热塑材料，拉挤碳板；2、本科及以上学历应届毕业生即可，、；3、专业必须是是复合材料、材料分子学相关专业、化学工艺、高分子材料相关专业；      其他专业务投
金属材料工程师,7-12k·13薪,无锡-锡山区,5-10年,统招本科,岗位职责：1、	负责编制集团范围内的金属材料（碳钢、不锈钢）培训教材，对各子公司实施培训；2、	协助解决各公司与客户之间的质量异议，从材料的性能、使用等方面给与技术支撑；3、	协助集团开发客户，从选材、工况、性能变化、热处理等方面给与参考意见；4、	协助集团各公司对接、解决与上游各大钢厂的材料异议与质量纠纷；5、	负责搜集、汇总集团各公司对应各钢厂开平板的性能差异，拿出相应数据，为laserpius课题提供理论支撑；6、	协助质量主管开展各公司现场巡查，指导现场提高各公司质量管理水平。任职要求：1、	全日制本科及以上学历，材料科学、金属工艺或相关专业；2、	40岁以下，3年以上相同或类似岗位工作经验，大型钢厂及有产品开发经验者优先录用；3、	精通不锈钢、碳钢材料的成分、机械性能、应用及其他性能特征；4、	能够给出各类金属产品特别是碳钢、不锈钢产品的相关应用设计建议，熟悉金属热处理公益；5、	能够协助客户解决碳钢、不锈钢所涉及产品的相关技术问题；6、	熟练掌握各类办公软件；
生物实验,10-14k,苏州,经验不限,本科及以上,岗位职责：1.负责碳基纤维复合材料的应用研发与设计；2.负责碳基纤维复合材料制备工艺及优化；3.负责为产品结构设计提供复合材料的选择方案；4.负责工艺及复合材料分析，制定改善方案幵实施。5.负责领域内新工艺调研、技术路线设计与集成、新工艺实验平台搭建、制备工艺优化和新工艺放大量产化等工作。职位要求：1.硕士、博士及以上学历，机械工程、复合材料与工程、高分子材料、材料化学等教育背景；2.高分子复合材料成型加工、生产应用3年以上工作经验（包括成型工艺，配方设计，技术支持等）。3.熟悉各种纤维复合材料测试方法及标准，熟练使用材料测试仪器；4.精通纤维复材研发、材料树脂配方、产品管理、原材料研发、工艺试制等方面；5.了解复合材料零件结构设计和强度分析、了解复合材料用树脂、纤维等性能特点；6.掌握碳纤维复合材料选型、产品研发设计和成型工艺及生产制备；7.对实验设备的搭建有直接经验（包括实验周边设备，实验测试设备等）。8.熟悉产品开发运作流程，熟悉项目管理；9.具有快速学习能力、分析总结能力、良好的沟通能力和团队合作精神。10.英语流利，专业英语沟通无障碍。
实验室技术员,5-8k,苏州-太仓,一年以下,大专及以上,岗位职责：1.负责碳基纤维复合材料的应用研发与设计；2.负责碳基纤维复合材料制备工艺及优化；3.负责为产品结构设计提供复合材料的选择方案；4.负责工艺及复合材料分析，制定改善方案幵实施。5.负责领域内新工艺调研、技术路线设计与集成、新工艺实验平台搭建、制备工艺优化和新工艺放大量产化等工作。职位要求：1.复合材料与工程、高分子材料、材料化学等教育背景；2.高分子复合材料成型加工、生产应用1到3年工作经验（包括成型工艺，配方设计，技术支持等）。3.熟悉各种纤维复合材料测试方法及标准，熟练使用材料测试仪器；4.精通纤维复材研发、材料树脂配方、产品管理、原材料研发、工艺试制等方面；5.了解复合材料零件结构设计和强度分析、了解复合材料用树脂、纤维等性能特点；6.掌握碳纤维复合材料选型、产品研发设计和成型工艺及生产制备；7.对实验设备的搭建有直接经验（包括实验周边设备，实验测试设备等）。8.熟悉产品开发运作流程，熟悉项目管理；9.具有快速学习能力、分析总结能力、良好的沟通能力和团队合作精神。10.英语流利，专业英语沟通无障碍。
材料工程师,6-8k,连云港,经验不限,统招本科,职责描述：1、产品工艺制定，执行与改进；生产效率优化，工装设计等。2、参与研发材料选择、性能检测，现有材料性能和成本优化，现场工艺跟踪等。任职要求：1、复合材料、金属材料、金属加工化工、机械、自动化等相关专业；2、善于沟通与总结，持之以恒，有进取精神，学习能力强，能够熟练使用办公软件和CAD；3、有复合材料产品生产经验优先。
热管理材料研究员,5-10k,常州-武进区,1-3年,本科及以上,职责描述：碳基热管理材料研发任职要求：1.具有材料或者化学背景，熟悉材料检测方法，具备表征数据分析能力。2.具有一定的化学实验基础，有相关实验和测试经验者优先；3.具有一定的口头及图文汇报能力，具有较强的时间观念。
电焊工,5-8k,无锡-新吴区,1-3年,中专/中技及以上,职责描述：1.负责各种碳钢材料焊接，钢结构架焊接者优先2.按焊接工艺要求和图纸要求，正确的进行点焊组装，尺寸合格按图焊接，焊后打磨，自检3.能独立看图完成焊接，熟悉材料工艺焊接任职要求：持有焊工证，有上进心能服从管理，有团队合作精神
工业/产品设计,5-10k,南京,3-5年,本科及以上,通信铁塔及其组件部件的分析，改良与设计产品质量把控抗压能力强，接受加班和出差，对铝合金，不锈钢及普通碳钢材料精通，熟悉以上材料的表面处理工艺。有铁塔方面设计或施工经验者优先考虑。
农用材料开发工程师,15-20k·14薪,常州-武进区,经验不限,博士,职责描述：碳基农用材料研发任职要求：专业技能要求：1.农学背景，具有扎实的学术经历；2.具有管理能力，具有一定的口头及图文汇报能力，具有较强的时间观念。其他要求：1.具有管理能力，乐于表达；2.工作踏实主动，作风严谨；3.责任心强，有团队精神
正极材料开发研究员,10-20k·15薪,扬州-广陵区,3-5年,硕士及以上,职责描述：(1)负责高镍材料或硅负极的技术开发(2)负责材料新产品的工艺定型(3)负责正极材料或石墨和硅碳等负极材料在应用端的评估和导入，以及正极配方开发任职要求：(1)硕士及以上学历，博士优先；电化学/化学/材料/物理化学或相关专业；(2)2年以上锂电正极材料或负极材料行业工作经验，优秀应届博士亦可；(3)主导过高镍三元材料开发或负极材料和量产工作的优先，熟悉材料的性能分析和评估应用(4)有较强的创新意识，有团队合作精神，语言表达与沟通能力强，熟练撰写技术报告
碳钢销售助理,5-8k·13薪,无锡-锡山区,1-3年,大专及以上,任职要求：1、材料、冶金相关专业优先（应届毕业生优先）；2、具备工程机械行业、工艺加工等工作经验，熟悉碳钢加工方式及流程者优先；3、人品正派、吃苦耐劳，学习沟通能力强，需要有较强的自我完成特性。工作职业：1、碳钢工程项目、材料客户开发、维护；2、对各部门碳钢特殊钢销售推进、指导；3、配合子公司联合开发客户；4、对采购相关事宜协调推进；5、协调公司内部人员，整合集团公司资源；6、领导要求的其他相关工作。
复合材料研发工程师,10-25k,泰州-姜堰区,1-3年,硕士及以上,工作内容：1. 参与客户拜访，对接产品需求；2. 主导具体产品开发，初始工艺设计；3. 主导负责产品的专利布局；4. 负责设计优化/更新换代，或成型工艺持续改进等。任职资格：1. 2年及以上连续碳纤/玻纤复合材料制品开发经验；2. 熟悉模压/热压罐/连续复合工艺；3. 有结构设计/树脂开发/热塑复合经验者优先；
焊接机器人调试,8-15k,南京-江宁区,3-5年,大专及以上,职责描述：有两年以上工艺调试工作经验，熟悉常见焊接机器人操作及焊接系统异常处理，熟悉常见焊接缺欠分析并解决，具备良好的交流沟通能力。专业技能：1、 熟悉常见（发那科、安川、ABB、KUKA）焊接机器人，可进行编程、示教、操作、调试及异常处理；2、 熟悉常见焊接设备，如焊接电源、激光跟踪、起始点寻位、自动清枪等，进行常见异常处理；3、 熟悉氩弧焊工艺，可独立完成焊接参数调整、焊接质量判断、焊接缺欠分析、记录参数及试验过程并撰写总结报告；4、 熟悉不同厚度（2-50mm）、不同焊接形式（对接、角接、T型）、不同材料（碳钢、不锈钢、铝合金等）、不同焊接方法（MIG/MAG/CO2/TIG）等常见焊接工艺；5、 熟悉Solidworks、Autocad软件，能读懂常见结构图，熟悉常用焊接夹具。岗位职责：负责给客户打样，工艺优化；负责项目中焊接系统调试，验收及后期现场问题处理工作完成公司领导及研发部安排的临时工作任务
普工操作工,6-7k,南通-如皋,经验不限,学历不限,职责描述：南通中鼎复合材料有限公司作为国家高新技术企业，是专业生产碳纤维管、3K碳管、碳素箭杆、碳纤维板、打草机碳纤维杆等碳纤维制品以及玻璃纤维复合材料为主导产业的企业，并致力于不同领域的碳纤维管材的供应与相关工程服务。碳纤维作为战略性新兴材料，在“十三五”期间将迎来重要的战略发展机遇，近年来，碳纤维材料正由成长期进入到快速应用期，中鼎公司依据自身在碳纤维及其复合材料方面的优势，通过引进、消化、吸收国际国内先进的技术、工艺、设备，通过与客户的紧密合作，针对航空航天、风电叶片、交通、机械、运动休闲以及国防等领域开发出碳纤维管、碳纤维道闸杆、机器人伸缩臂、手机自拍杆、油田勘探电池管、帆船桅杆等碳纤维复合材料制品。任职要求：1，服从公司生产管理制度，工作态度认真；2，常日班，8小时工作制，有相关工作经验者优先录取；3，对表现优秀者，有提升为管理岗位的空间。
碳钢销售员,5-10k·13薪,无锡-锡山区,1-3年,本科及以上,任职要求：  1、2-3年碳钢钢贸经验；  2、具备工程机械行业、工艺加工等工作经验，熟悉碳钢加工方式及流程者优先；  3、人品正派。吃苦耐劳，学习沟通能力强，需要有较强的自我完成特性；  4、本科学历，材料机械专业优先。工作职责：  1、碳钢工程项目、材料客户开发、维护；  2、对各部门碳钢特殊钢销售推进、指导，配合分子公司联合开发客户；  3、对采购相关事宜协调推荐；  4、协调公司内部人员，整合整个公司资源；  5、完成领导要求的其他相关工作。
电化学体系岗（钠电方向）,15-30k·15薪,无锡-锡山区,3-5年,硕士及以上,职责描述：1. 负责钠离子正极材料NaFePO4、Na3V2(PO4)3等、负极材料硬碳等合成、表征，相关材料在电池原型样品中的性能测试和分析；2. 负责完成新技术调研、评估和新材料的评测、分析等任务；3. 负责钠离子电池等前沿技术信息调研、与相关单位合作交流等工作；4.承担部门其他工作。任职要求：1. 27-45岁，化工、电化学、材料等相关专业毕业，硕士以上学历2. 有独立思考并有很好的动手能力，熟悉新型电池的关键材料制备方法和相关工艺及评价方法；3. 掌握钠离子电池等新型电池体系的原理和相关材料的知识，了解相关电池材料的技术发展，具有相关电池材料研发行业经验在大学、国家科研机构和高科技公司科研部门有新型电池前沿领域的研发经验优先4.软件技能：计算机国家二级5.专业要求：化学、物理或材料专业6.英语要求：英语六级以上，能熟练快速阅读英文文献；
研发工程师（负极材料）,15-25k·13薪,常州-溧阳,经验不限,本科及以上,岗位职责：1、协助上级进行负极材料（硬碳、软碳）方向的研发及中试工作；2、协助上级进行原料、半成品、成品的研发、中试生产工艺和流程探索以及检测分析；3、协助上级进行实验数据汇总、分析、整理，及时解决遇到的技术问题；4、跟进国内外本领域知识产权进展，协助进行项目申报及知识产权管理工作；5、完成领导安排的其他工作；任职要求： 本科及以上学历，材料、化工、电化学等相关专业相关专业；有1年以上大中型锂离子电池负极材料公司研发及管理经验
高级研发工程师（气瓶）,10-20k,苏州,3-5年,硕士及以上,职责描述：（1）负责前瞻技术的调研，定期报告并对关键技术攻关开展立项、攻关工作。（2）负责复合材料气瓶市场需求的调研，客户需求导入及市场支持性工作；（3）重点负责四型高压复合气瓶的设计、工艺技术、装备等开发工作；（4）重点负责塑料内胆材料成型、碳纤、树脂等应用研究；（5）重点负责研究制定工艺技术路线、关键工序的工艺评定等。4、人员招聘需求：（1）本科及以上学历，复合材料、高分子、机械等相关专业；（2）有四型高压复合气瓶研发设计、工艺研究、干法缠绕等工作或项目经验者优先；（3）可熟练使用二维、三维绘图、有限元分析软件等；（4）英语要求：四级及以上，能熟练阅读外文文献及相关标准；（5）适应出差及高效的工作节奏要求。
技术研发工程师（高级）,15-20k,江苏,5-10年,统招本科,职责描述：1、主导并负责新品材料成型工艺的编制（油压、多工位连续冷锻、热锻等）；2、主导并负责新品材料成型模具的设计（油压、多工位连续冷锻等）；3、主导新品开发过程中成型问题点的改善直至最终解决；4、参与社内量产品的工艺改善。任职要求：1、35-50岁，本科及以上学历，材料成型相关专业为佳；2、5年及以上汽车用冷锻（油压、多工位连续冷锻）产品开发（工艺设计、模具设计）经验；3、熟练使用相关的制图、分析软件；4、熟知冷锻件的一般缺陷，较好的分析问题及解决问题的能力；5、熟悉相关的锻压设备，如油压机、锻床、冲床、多工位冷锻机等；6、熟悉不同材料的冷锻性能，熟知碳钢、铝合金等材料性能为佳。
系统工程师,8-10k·13薪,连云港,3-5年,统招本科,连云港徐圩港口投资集团有限公司是江苏方洋集团有限公司和连云港石化产业园有限公司共同出资的合资公司，成立于2011年2月21日，注册资本450000万元人民币，总资产99.27亿元。作为徐圩港区的开发建设和运营主体，公司承担港口开发建设和运营管理任务，主营业务包括码头建设工程施工、港口基础设施开发、建筑材料、金属材料、环保材料、煤碳、化工产品（危化品除外）销售、危化品经营、仓储服务、装卸服务等。目前，公司拥有散杂货、多用途、液体化工等4个码头6个泊位及后方陆域堆场。随着徐圩新区开发建设如火如荼，园区产业项目纷纷落户并建成投产，徐圩港区作为服务腹地经济和后方临港产业的重要地位凸显。公司以此为契机，结合自身码头及后方堆场等稀缺优质资产的运作，以装卸、物流、仓储服务为基础，构建“平台+基地”模式，完善“运营方+贸易方+服务方+作业基地”的服务体系，重点打造煤炭、钢铁、有色金属大宗商品集散交易中心、冷链物流中心、航运服务中心，依托徐圩新区综合保税区，进一步发挥港口优势，着力推动“区港联动”的发展局面。在未来的发展中，公司将积极抢抓国家“一带一路”、“江苏沿海开发”重大战略机遇，以构筑大平台、引进大项目、培育大产业、建设大港口为目标，不断积累港口建设经验、培育经营管理人才，以自营、联营、合资入股等多种方式促进公司业务的蓬勃发展，为客户提供最优化的港口物流供应链服务。职责描述：1.负责港区智能化工程的设计施工建设管理工作；2.及时解决智能化工程项目中的技术难题及需要解决的矛盾；3.负责港区通信、网络、智能化服务保障管理工作；4.负责港区生产运营相关工作。任职要求：1.省属重点本科及以上学历；计算机及通信相关专业；2.3年以上信息、智能化运维工作经验；3.能够熟练操作办公软件及CAD软件。
机械工程师,8-10k·13薪,连云港,3-5年,统招本科,连云港徐圩港口投资集团有限公司是江苏方洋集团有限公司和连云港石化产业园有限公司共同出资的合资公司，成立于2011年2月21日，注册资本450000万元人民币，总资产99.27亿元。作为徐圩港区的开发建设和运营主体，公司承担港口开发建设和运营管理任务，主营业务包括码头建设工程施工、港口基础设施开发、建筑材料、金属材料、环保材料、煤碳、化工产品（危化品除外）销售、危化品经营、仓储服务、装卸服务等。目前，公司拥有散杂货、多用途、液体化工等4个码头6个泊位及后方陆域堆场。随着徐圩新区开发建设如火如荼，园区产业项目纷纷落户并建成投产，徐圩港区作为服务腹地经济和后方临港产业的重要地位凸显。公司以此为契机，结合自身码头及后方堆场等稀缺优质资产的运作，以装卸、物流、仓储服务为基础，构建“平台+基地”模式，完善“运营方+贸易方+服务方+作业基地”的服务体系，重点打造煤炭、钢铁、有色金属大宗商品集散交易中心、冷链物流中心、航运服务中心，依托徐圩新区综合保税区，进一步发挥港口优势，着力推动“区港联动”的发展局面。在未来的发展中，公司将积极抢抓国家“一带一路”、“江苏沿海开发”重大战略机遇，以构筑大平台、引进大项目、培育大产业、建设大港口为目标，不断积累港口建设经验、培育经营管理人才，以自营、联营、合资入股等多种方式促进公司业务的蓬勃发展，为客户提供最优化的港口物流供应链服务。职责描述：1.负责港区机械设备设计、安装调试、日常管理维护和安全管理工作；2.负责港区机械设备图纸会审及设计交底工作；3.及时解决机械设备项目中的技术难题及需要解决的矛盾；4.负责港区生产运营相关工作。任职要求：1.省属重点本科及以上学历；机械设计与制造、机电工程等相关专业；2.3年以上机械设备管理运维工作经验；3.能够熟练操作办公软件及CAD软件。
港航工程师,8-12k,连云港,5-10年,统招本科,连云港徐圩港口投资集团有限公司是江苏方洋集团有限公司和连云港石化产业园有限公司共同出资的合资公司，成立于2011年2月21日，注册资本450000万元人民币，总资产99.27亿元。作为徐圩港区的开发建设和运营主体，公司承担港口开发建设和运营管理任务，主营业务包括码头建设工程施工、港口基础设施开发、建筑材料、金属材料、环保材料、煤碳、化工产品（危化品除外）销售、危化品经营、仓储服务、装卸服务等。目前，公司拥有散杂货、多用途、液体化工等4个码头6个泊位及后方陆域堆场。随着徐圩新区开发建设如火如荼，园区产业项目纷纷落户并建成投产，徐圩港区作为服务腹地经济和后方临港产业的重要地位凸显。公司以此为契机，结合自身码头及后方堆场等稀缺优质资产的运作，以装卸、物流、仓储服务为基础，构建“平台+基地”模式，完善“运营方+贸易方+服务方+作业基地”的服务体系，重点打造煤炭、钢铁、有色金属大宗商品集散交易中心、冷链物流中心、航运服务中心，依托徐圩新区综合保税区，进一步发挥港口优势，着力推动“区港联动”的发展局面。在未来的发展中，公司将积极抢抓国家“一带一路”、“江苏沿海开发”重大战略机遇，以构筑大平台、引进大项目、培育大产业、建设大港口为目标，不断积累港口建设经验、培育经营管理人才，以自营、联营、合资入股等多种方式促进公司业务的蓬勃发展，为客户提供最优化的港口物流供应链服务。职责描述：1.负责码头工程、航道工程、围堤及后方陆域工程项目施工建设管理工作；2.负责工程项目的招投标启动工作；3.组织工程项目图纸会审及设计交底工作；4.参加工程项目监理例会，及时解决工程项目中的技术难题及需要协调解决的现场矛盾；5.负责工程项目的计量初审工作；配合造价工程师做好计量审核工作；6.负责工程项目的中间及交竣工验收工作；7.完成上级交办的其他工作任务。任职要求：1.省属重点本科及以上学历，港口航道及海岸工程、水利工程等相关专业，5年以上相关岗位工作经验；2.良好的协调、组织管理能力；3.具有良好的团队精神和较强的沟通能力。
造价工程师,8-15k,连云港,5-10年,统招本科,连云港徐圩港口投资集团有限公司是江苏方洋集团有限公司和连云港石化产业园有限公司共同出资的合资公司，成立于2011年2月21日，注册资本450000万元人民币，总资产99.27亿元。作为徐圩港区的开发建设和运营主体，公司承担港口开发建设和运营管理任务，主营业务包括码头建设工程施工、港口基础设施开发、建筑材料、金属材料、环保材料、煤碳、化工产品（危化品除外）销售、危化品经营、仓储服务、装卸服务等。目前，公司拥有散杂货、多用途、液体化工等4个码头6个泊位及后方陆域堆场。随着徐圩新区开发建设如火如荼，园区产业项目纷纷落户并建成投产，徐圩港区作为服务腹地经济和后方临港产业的重要地位凸显。公司以此为契机，结合自身码头及后方堆场等稀缺优质资产的运作，以装卸、物流、仓储服务为基础，构建“平台+基地”模式，完善“运营方+贸易方+服务方+作业基地”的服务体系，重点打造煤炭、钢铁、有色金属大宗商品集散交易中心、冷链物流中心、航运服务中心，依托徐圩新区综合保税区，进一步发挥港口优势，着力推动“区港联动”的发展局面。在未来的发展中，公司将积极抢抓国家“一带一路”、“江苏沿海开发”重大战略机遇，以构筑大平台、引进大项目、培育大产业、建设大港口为目标，不断积累港口建设经验、培育经营管理人才，以自营、联营、合资入股等多种方式促进公司业务的蓬勃发展，为客户提供最优化的港口物流供应链服务。职责描述：1.负责工程项目造价管理工作作；2.负责工程项目的招投标控制价启动工作；3.协助项目负责人做好建设工程的工程量审核工作；4.配合相关部门做好工程结算工作；5.参与工程项目图纸会审工作，负责设计变更工作量审核工作；6.配合项目负责人审核工程项目付款计划和付款金额；7.完成上级交办的其他工作任务。任职要求：1.省属重点本科及以上学历，工程造价、土木工程等相关专业，5年以上相关岗位工作经验；2.良好的协调、组织管理能力；3.具有良好的团队精神和较强的沟通能力。
昂星新碳公司-助理工程师,4-6k,常州-金坛区,经验不限,本科及以上,岗位要求：1.熟悉1-2个方向高分子材料或复合功能材料或生物医用材料相关的基础知识；2.掌握1个方向上的实验操作技能，有能力进行相关技术岗位轮动；3.可以按照项目制的标准执行作业包括实验记录和文档归纳；4.有基本的沟通协作能力，能完成项目组长布置的任务。任职要求：1.本科及以上学历，理工科，应届/往届生，材料或工艺相关专业背景；2.具有扎实的材料制备或合成或加工或应用相关专业知识及测试分析能力；3.负责或参与材料项目研发（包覆材料、抗菌材料、导/散热材料、水性树脂材料、电磁屏蔽材料等）并具有一定经验者优先；4.具备一定的中英文文献查阅的基本素质，拥有较强的学习能力、理解能力、执行能力及分析总结能力。
工艺工程师,8-10k,苏州-太仓,1-3年,大专及以上,职责描述：1、负责金属材料（如：碳钢、不锈钢、铝合金、黄铜、紫铜、镀锌板、锰钢、钛合金等材料）的切割工艺（切割速度、切割断面质量、穿孔效率、穿孔质量）测试、优化；2、负责光学配件的测试工作，激光器、切割头、控制系统的切割工艺及功能性测试；3、高功率激光加工设备的技术支持；4、协助销售人员向客户展示设备的切割性能、运动性能及操作演示;5、协助售后人员完成新型号设备的首次交付，交接新的技术重点；  任职条件：1、专科以上学历，激光物理、光学、材料、工业设计等相关专业；2、2年以上激光或自动控制行业工作经验，了解激光加工工艺、激光与材料的相互作用；3、熟练操作激光应用系统；
