name,time,f,content,transmit,comment,praise,spiderTime
澎湃新闻,04月08日 22:40,微博视频号,【英国首相：若出现更强毒株，不排除再次封城的可能性】,77,110,245,2022-04-09
广东新闻联播,04月08日 17:09,微博视频号,【广州：甄别相关重点场所108个，涉9个区】4月8日，广州市召开疫情防控新闻发布会。据通报，截至今日12时，全市在管密接3747人、次密接3770人；重点人群5967人，全部赋“黄码”发送提醒短信，实行“七天三检”。,746,1969,33881,2022-04-09
央视网,今天09:01,微博视频号,【,40,252,597,2022-04-09
沪语说唱Mrweezy,2秒前,iPhone 11 Pro,上海一学生因疫情无家可归已经流落街头9天,转发,评论,赞,2022-04-09
Harry超越梦想,2秒前,iPad客户端,预测一下，这波上海、吉林及全国疫情平息之后，只要政策不变，接下去的防疫措施应该会越来越严，成本也会越来越大。主要原因有二：1、病毒传播能力太强了。就算再怎么控制境外输入，不太可能百分百不发生本土，且地区性爆发本土疫情的频率，周期和规模肯定是要高于2021年。2、上海这事出了之后，基本意 ​,转发,评论,赞,2022-04-09
美杜莎麻麻,4秒前,nova8 我由我掌镜,橙色是这波疫情前最后一次去花鸟市场买的月季，还有很多花苞，还能使劲开一段时间。,转发,评论,赞,2022-04-09
上海黄浦,6秒前,上海融媒体平台,【从机关到“疫”线，这支党员突击队好样的！】,转发,评论,赞,2022-04-09
中新社吉林分社,8秒前,微博视频号,【,转发,评论,赞,2022-04-09
,,,,,,,2022-04-09
睡在云朵上的晓晓,9秒前,vivo手机,昨天下午给同小区的一个亲戚打电话 他说自己一个人在家 没有储备物资 家里只有两个莴笋 我说 有志愿者帮忙买菜 他说 过几天或许就能让大家出去买菜 他准备先凑合一下 我说 这一次比武汉封控的还严格 不封个两星期 没有新增 我们能出来? 如果疫情再严重些 还不知道要封到什么时候 我们要做好最坏打算 我 ​,转发,评论,赞,2022-04-09
小只糯米球,10秒前,微博视频号,#黄渤梅婷新剧剧组致歉#,转发,评论,赞,2022-04-09
那么等风来吧,10秒前,iPhone 11,上海你这次真是太糟糕了，楼里一周已经连续出现三户感染了，一共一共十八户，到现在阳性的连窗子也不关，楼里大多都是上了年纪的叔叔阿姨，除了我们要跑上跑下拿物资外，到现在三四天了核酸也没做过，就做了抗原，你是要让我们都感染吗？,转发,评论,赞,2022-04-09
环保三亚,11秒前,微博 weibo.com,发布了头条文章：《日产量约16.6吨！三亚如何处置涉疫医疗废物？》,转发,评论,赞,2022-04-09
太极拳学,15秒前,Redmi K20,#广州 疫情#,转发,评论,赞,2022-04-09
哈尔滨经济广播电台,16秒前,iPhone客户端,哈尔滨4月8日0-24时疫情通报,转发,评论,1,2022-04-09
夏天橙,16秒前,iPhone客户端,从2/15日元宵节集中隔离14+7，酒店隔离日子过得很快。隔离解封后去了办公室一天回来，得知小区封控。连续隔离和在家快二个月了。苏州疫情完了又上海疫情。清明假期就在小区外江边看看放了两天风筝，莫名竟然变成了踏青的景点，浪了两天小区又封闭了。在家9116办公日子，每天小区做核酸就是下楼看看春光 ​,转发,评论,赞,2022-04-09
南方周末,20秒前 转赞人数超过60,微博视频号,【制造业人才需求缺口大,13,24,58,2022-04-09
中国新闻网,17秒前,微博 weibo.com,【,转发,评论,1,2022-04-09
大餠餠是龍龍,17秒前,iPhone客户端,这届疫情防控的领导班子都下来吧！！！别舍不得你这顶乌纱帽，做不好就换人！自己去基层社区多走走多看看，阳性患者要过几天才能转运，政府物资发放管理混乱，物资短缺老百姓天天要手机上网抢菜自救日子过得苦不堪言，就问你们这次疫情防控工作做得是什么玩意？,转发,评论,赞,2022-04-09
连如今,17秒前,,尸位素餐的不仅仅是他们，无论是疫情还是战争我都会难受，因为很多问题根源是人性的恶，没发生在我们身边是运气好而已。,转发,评论,赞,2022-04-09
陕西文艺,18秒前,HarmonyOS设备,【,转发,评论,赞,2022-04-09
艺能人_金广发,20秒前 转赞人数超过80,微博视频号,《真不贵》、、,39,15,82,2022-04-09
圈圈的娱乐,27秒前,,疫情之后有了岡货的习惯，若干年后子孙绕膝，问爷爷为什么爱岡货？我双眼凝视夜空，语重心长的说：“这事说来话长，想当年你爷爷在和平年代的GDP第一的城市，差点饿死。” ​,转发,评论,赞,2022-04-09
,,,,,,,2022-04-09
,,,,,,,2022-04-09
,,,,,,,2022-04-09
平安苍溪,36秒前,iPhone客户端,【,转发,评论,赞,2022-04-09
蔡徐坤的贴身苦茶,39秒前,蔡徐坤的iPhone X(深空灰),#大亨给我买#,转发,评论,1,2022-04-09
江城映象,41秒前,微博搜索,【拟再开展一次全员核酸检测，将依据风险程度大小，按照“三区划分”原则，进行阶梯式管理】今天（4月9日）上午举行的市疫情防控工作新闻发布会上，副市长宗明就新冠疫情区域防控和核酸筛查情况向大家作通报：,转发,评论,赞,2022-04-09
商洛公安,41秒前,HUAWEI P30 Pro,#疫情防控#,转发,评论,赞,2022-04-09
西安微记录,43秒前,荣耀Play3e,#上海疫情#,转发,评论,赞,2022-04-09
你发癫别人问地你答天,44秒前,iPhone客户端,给大家分享一个某植物没有脸没有勇气盗的图片吧！我老公一直站在禁毒第一线，为了我们中国的禁毒而努力着，时刻不忘记肩上的使命！我呢，疫情的时候写了篇小作文，得了四等奖！某植物就算再富，我觉得她还是欠缺很多，什么某港大学毕业的，估计写字都还不如我这个小学生,转发,评论,赞,2022-04-09
上帝之鹰_5zn,50秒前 转赞人数超过200,HUAWEI Mate 20,上海疫情谣言公示 ​,8,52,206,2022-04-09
罗小杰唱游大世界,52秒前,iPhone客户端,今天凌晨据说小区在发牛排，我睡着了，牛排就没拿到，早上问居委会，说以后会补发，以这几天的经验，以后就是遥遥无期了，怪自己，凌晨睡什么觉，应该等着的,转发,评论,赞,2022-04-09
上海经侦ECID,53秒前,微博视频号,#疫情当前警察不退#,转发,1,赞,2022-04-09
辰雨書-杨sir,54秒前,iPhone客户端,建议美国驻上海大使馆的门口播放两首歌可以帮助他们度过难关：1.雄赳赳气昂昂跨过鸭绿江。2.一条大河。当年中国志愿军是唱着第一首歌跨过鸭绿江，在断水断粮的日子听着一条大河度过困难时期的。,转发,评论,赞,2022-04-09
N视频,1分钟前 转赞人数超过1000,微博视频号,【,60,71,1210,2022-04-09
洋浦政务,59秒前,微博 weibo.com,五指山市暂停省第二人民医院发热门诊，开展区域核酸检测→,转发,评论,赞,2022-04-09
兰州西固检察,59秒前,HUAWEI Mate30 Pro 5G,【,转发,评论,赞,2022-04-09
凑近你唇,1分钟前,iPhone 13 Pro Max,每天的生活忙忙碌碌,转发,评论,赞,2022-04-09
大头妹一,1分钟前,,看到上海某社区住户反应买菜的问题，希望及时处理。如果把捐来的菜，卖给大家，是不是算发go man cai？望彻查！不希望再出现这种情况！,转发,评论,赞,2022-04-09
唐盼盼_,1分钟前,HUAWEI Mate 40 Pro,即2020年湖北疫情后，又一次难忘的经历。,转发,评论,赞,2022-04-09
Emmkuku,1分钟前,游啊游iPhone 11,👧🏻：妈妈，我好想xia 去泰国玩啊…,转发,1,3,2022-04-09
-四分三十三秒-,2分钟前 转赞人数超过50,微博视频号,#枣庄抗疫日记#,14,30,52,2022-04-09
牛牛半岛祺遇记,1分钟前,荣耀X10 5G,闺蜜和npy吵架了，我突然想起来高二疫情那年回学校，我们年级只剩一对情侣的盛况,转发,评论,1,2022-04-09
吖呜蛋小黑,1分钟前,77床上捡的iPhone 13 Pro Max,早该发了，封闭了大半个月本来啥事没有，突然新增🐑就是团的物资货源不明也没做好消杀，zf也拉稀疫情那么久了连教居民如何做好物资消杀的宣传都没有。 ​,转发,评论,赞,2022-04-09
,,,,,,,2022-04-09
搁浅筱離,1分钟前,任嘉伦的iPhone客户端,#晒晒浙江的夏天#,转发,评论,赞,2022-04-09
z1huii-,1分钟前,🔴话唠的iPhone,同事们都互相叫老师 学生喊我小张 我白眼翻到后脑勺,转发,评论,赞,2022-04-09
西西不是惨兮兮,1分钟前,HUAWEI Mate 20,#济南疫情#,转发,评论,1,2022-04-09
环球时报,2分钟前 转赞人数超过40,微博视频号,【英国首相：若出现更强毒株，不排除再次封城的可能性】,8,21,52,2022-04-09
宁波市城乡公交,1分钟前,360安全浏览器,（持续更新）疫情防控“三区”范围内公交线路跳站、临时撤站的公告,转发,评论,赞,2022-04-09
长沙头条,1分钟前,微博视频号,【,转发,评论,赞,2022-04-09
民乐融媒体中心,1分钟前,微博视频号,#甘肃疫情#,转发,评论,赞,2022-04-09
皮肤科王玮蓁教授,1分钟前,新版微博 weibo.com,#武汉迎来今年首个30℃#,转发,评论,赞,2022-04-09
滨州文旅,1分钟前,搜狗高速浏览器,#滨州身边事#,转发,评论,赞,2022-04-09
南方都市报,2分钟前 转赞人数超过30,微博 weibo.com,#广州白云区强化管控措施#,10,5,25,2022-04-09
猴子派来的琳琳,1分钟前,nova5Pro人像超级夜景,早上八点被一个电话打过来叫起床做核酸，洗脸刷牙就跑下去，队伍排到操场，刚排没两分钟被通知医护人员还没来，于是跑去吃了早餐，吃完早餐九点多赶紧去排队，此时队伍排到我宿舍门口了，排了将近一个小时终于做完了核酸，就这折腾了一上午了，这疫情什么时候结束啊，无止境的核酸，医护人员很累，我们 ​,转发,评论,赞,2022-04-09
剧财,1分钟前,,#长春一小学生写给抗疫一线交警爸爸的信#,转发,评论,赞,2022-04-09
脱欧入亚卡菊轮,2分钟前 转赞人数超过40,HUAWEI Mate X2,感谢外省市的tips，广州毫不犹豫全市核酸了。,2,5,52,2022-04-09
平安苍溪,1分钟前,iPhone客户端,【,转发,评论,赞,2022-04-09
中国商界杂志社,1分钟前,,【,转发,评论,赞,2022-04-09
听说你知道我饭易烊千玺,1分钟前,nova6 5G自拍大不一样,#距2022年高考还有不到60天#,转发,评论,1,2022-04-09
见闻实时新闻,1分钟前,微博 weibo.com,【钟南山：生命是最高的人权，抗疫关键是尽力降低传播和病死率】“在人与病毒的斗争中，最高的人权就是人的生命，是健康的生命。”谈到新冠肺炎疫情防控，钟南山说，“新冠疫情防控的关键问题就是要最大限度降低传播和病死率。”钟南山结合当前疫情形势表示，奥密克戎虽然病死率低，但传播力强，如果大 ​,3,1,赞,2022-04-09
青白江服务,1分钟前,微博 weibo.com,#其他资讯#,转发,评论,赞,2022-04-09
QQsososo,1分钟前,iPhone客户端,#分享近日,转发,评论,赞,2022-04-09
普法追星小律一枚·,1分钟前,HUAWEI Mate 40 Pro,听说我的俊俊,转发,评论,赞,2022-04-09
,,,,,,,2022-04-09
深圳特区报,2分钟前,微博 weibo.com,【特评｜坚持“动态清零”总方针 打好“精准防”持久战】疫情还在继续，深圳精准防控的弦时刻紧绷。全市还面临疫情外部输入和内部反弹风险交织叠加的挑战，我市防控形势依然严峻复杂，我们决不能有丝毫的麻痹思想、厌战情绪、侥幸心理、松劲心态。,转发,评论,赞,2022-04-09
混沌与概率1997,3分钟前 转赞人数超过10,HUAWEI P40 Pro 5G,2020年疫情我都觉得不需要囤货，物资供得上。,1,7,16,2022-04-09
中新文娱,2分钟前,微博 weibo.com,【,转发,评论,1,2022-04-09
threejamohyeah,2分钟前,甜海希的iPhone 12,已经足不出户了还日增两万,转发,1,赞,2022-04-09
如风kiko,2分钟前,iPhone客户端,又一次和这次的成都疫情插肩,转发,评论,赞,2022-04-09
成都科技,2分钟前,HUAWEI P30,#小科关注#,转发,评论,赞,2022-04-09
深圳市场监管,2分钟前,iPhone客户端,【特评｜坚持“动态清零”总方针 打好“精准防”持久战】,转发,评论,赞,2022-04-09
祺小酱,2分钟前,iPhone 12,#潍坊疫情#,转发,评论,1,2022-04-09
再瘦五十斤就行,2分钟前,iPhone客户端,#无锡106#,转发,评论,1,2022-04-09
澎湃新闻,3分钟前 转赞人数超过20,微博视频号,【上海划分三区进行阶梯式管理：封控区、管控区和防范区】4月9日，上海市副市长、市疫情防控工作领导小组副组长宗明介绍，上海按照三区划分原则，进行阶梯式管理。 所谓三区是指封控区、管控区和防范区。,13,18,16,2022-04-09
三亚日报,2分钟前,360安全浏览器,#三亚头条新闻#,转发,评论,赞,2022-04-09
筷说鱼乐,2分钟前,,大S的老公有点出师不利呢。,转发,评论,赞,2022-04-09
严锋,3分钟前 转赞人数超过80,,疫情严重，整个生活节奏都乱了，做啥都没有心情。今天想给大家说一下我现在睡的枕头。,7,41,81,2022-04-09
广州日报,2分钟前,微博直播平台,【直播 | 广州市疫情防控新闻发布会】4月9日上午，广州市人民政府新闻办公室召开广州市疫情防控新闻发布会，邀请市卫健委、市商务局、白云区、市疾控中心相关负责同志通报我市新冠肺炎疫情防控相关情况。（广州日报•新花城记者：方晴 林欣潼 许晓芳 王燕）,1,2,2,2022-04-09
四川轻化工大学,2分钟前,四川轻化工大学超话,,转发,2,1,2022-04-09
-四分三十三秒-,2分钟前,,#上海疫情#,1,2,10,2022-04-09
中国新闻网,3分钟前 转赞人数超过10,微博 weibo.com,【,4,12,18,2022-04-09
深圳市场监管,2分钟前,iPhone客户端,【“战疫”平常心 发现一起就扑灭一起！| 速观察】,转发,评论,赞,2022-04-09
,,,,,,,2022-04-09
WithAndyooo,2分钟前,iPhone客户端,#上海将进行三区阶梯式管理#,转发,评论,赞,2022-04-09
遂宁故事绘,3分钟前,vivo S7轻薄自拍旗舰,#遂宁防控互助#,转发,1,1,2022-04-09
中国电信,3分钟前,微博 weibo.com,【中国电信江西婺源分公司: 逆行在战“疫”一线，他们守护婺源春天】,转发,评论,赞,2022-04-09
小超特烦恼,4分钟前 转赞人数超过10,iPhone 13 Pro(远峰蓝色),#上海将进行三区阶梯式管理#,转发,1,9,2022-04-09
Cheyenne嘉嘉,3分钟前,不着调iPhone 12 Pro,#广州 疫情#,转发,评论,3,2022-04-09
财经网,4分钟前 转赞人数超过50,iPhone 11,【上海：,17,65,29,2022-04-09
语嫣秘籍,3分钟前,iPhone客户端,#我在长春挺好的#,转发,评论,赞,2022-04-09
中国新闻网,4分钟前 转赞人数超过20,微博 weibo.com,【,6,7,18,2022-04-09
开水族馆的生物男,4分钟前 转赞人数超过100,iQOO 9 Pro 赛道传奇,前些天长春的好朋友跟我说：物资供应跟不上，部分社区物业联手掐掉平价菜倒卖关系户几倍价格的货，朋友们都在讨论疫情结束想去南方工作了...然后昨晚留言：就这？怎么比我们东北都不如？,65,48,90,2022-04-09
城东个体户王大宝,3分钟前,iPhone 13,“报警”这件事相当值得玩味。当组织状告个人，或者说疫情期间对于法律责任的强调，其对象都指向普通人。公家要用法律治理个人，而非相反。屠狗者不会因故意损坏财物受到惩处，淡漠的执勤警察不会涉嫌渎职罪，而公民则时时刻刻需要注意自己不该说什么。问题最后就成了，谁才是合格的被报警的对象。 ​,1,1,1,2022-04-09
山西晚报,3分钟前,,【阳泉平定县划定封控区、管控区、防范区！】根据平定县当前疫情防控形势，结合疫情流调溯源实际情况，县疫情防控领导小组决定，现将平定县指定区域划定为封控区、管控区，具体划定范围及管控措施通告如下：,转发,评论,赞,2022-04-09
南阳日报,3分钟前,新版微博 weibo.com,#4月8日新增确诊1350例#,转发,评论,赞,2022-04-09
福州地铁,3分钟前,HUAWEI Mate 20 Pro,【地铁运营信息】4月11日（下周一）起，福州地铁全线网每日运营服务时段和行车间隔恢复正常运营。温馨提醒：疫情期间市民乘客乘坐地铁时，请主动出示“健康码”，全程规范佩戴好口罩，并配合车站的测温安检工作，感谢您的理解和配合。,转发,评论,赞,2022-04-09
哼朱可笑,4分钟前 转赞人数超过10,三星Galaxy S10+,#无锡疫情#,转发,评论,15,2022-04-09
吉林发布,4分钟前 转赞人数超过40,微博直播平台,本轮吉林省疫情防控工作第30场新闻发布会,8,133,49,2022-04-09
往事莫回味-,4分钟前 转赞人数超过10,iPhone客户端,#上海新增本土确诊1015例无症状22609例#,转发,评论,13,2022-04-09
兰子2021,3分钟前,OPPO A8,看目前这形式，社区团购已经是上海中产的最后自我救济方式，虽然有遇到各种问题，但是还是能在市场中得到解决，特殊时期也就别追求所谓的完美了。,转发,评论,4,2022-04-09
迪拜中阿卫视,3分钟前,奥密克戎超话,,转发,评论,赞,2022-04-09
皮耶罗和英扎吉在一起,3分钟前,iPhone客户端,从目前透露出来的消息，真的让我十分震惊，上海的运气得多么的好，躲过了之前那么多波疫情。其他省市那么多好的经验真是一点都没搞，以至于最近上海采取系列措施时，还用来当新闻报出来我才知道，这些措施包括但不限于：封控管控防控的3区，场所码的应用，核算扫描身份证或二维码自动生成信息………… ​,转发,评论,赞,2022-04-09
春风得意马蹄疾-一日看尽长安花,3分钟前,iPhone客户端,#广州 疫情#,1,评论,3,2022-04-09
,,,,,,,2022-04-09
央视新闻,4分钟前 转赞人数超过700,微博视频号,【,89,192,931,2022-04-09
公务员考试答疑君,4分钟前 转赞人数超过10,见置顶微博Android,#上海新增本土确诊1015例无症状22609例#,转发,1,16,2022-04-09
苍岩素,3分钟前,新版微博 weibo.com,昨天白云区出现了几例新冠阳性，晚上8点半就开始全区全员核酸检测，很快健身房也发了通知今天起开始闭馆。今早就看到做为隔壁区的我们也要求全员核酸检测了。我鉴于吉林和上海疫情的前车之鉴，广州很紧张啊，市政府下发通知动员各企事业单位党员干部全力支援白云区。我思来想去，还是赶紧下单买点儿吃 ​,转发,评论,2,2022-04-09
守望者------why-001,4分钟前,微博 weibo.com,流动往返人员隔离需要坚持14天---------小区因疫情封闭啦，显得家庭储备的必要性。谨防检测人群密集，核酸检测过程增加传染风险。防疫要制度化，温情化要不得，因为上海回来的两个人不遵守居家隔离规定，结果把一座城弄得停摆啦，生产生活流通停摆。 ​,转发,评论,赞,2022-04-09
黝黑的妹妹,4分钟前,iPhone客户端,#江苏宿迁一学校123名师生感染新冠#,转发,评论,赞,2022-04-09
东北知识局,4分钟前,,#长春新增本土确诊150例#,转发,1,6,2022-04-09
MW爱Pia和JOJ一直在德奥峰,4分钟前,iPhone,每天都在搞疫情防控直播，每天还是一堆人快断粮又买不到菜……这直播有个什么意义，菜都在电视里又吃不到，不如全天放点轻松的电影神马的，好坏让人精神放松一下,转发,评论,1,2022-04-09
雷斯林Raist,5分钟前 转赞人数超过100,iPhone 12 Pro Max,朋友3月下旬刚来上海入职，4月1日正式上班，结果还没上班呢就封在家里了，现在每天居家办公。,5,20,126,2022-04-09
MaomaosHoliday,5分钟前 转赞人数超过50,假日的HarmonyOS设备,希望大家温柔一点，疫情之下不要聚集,4,3,54,2022-04-09
全网最热视频,4分钟前,微博视频号,“大白”下乡做核酸，老人想吃莴笋大白抄起菜刀：架势不会输,转发,评论,赞,2022-04-09
小寒每天都开心,4分钟前,iPhone 12,本来我对上海这个城市充满了美好的幻想，甚至已经决定去上海读研究生，更甚在上海开始我的职业生涯，但是疫情期间发生的种种，让我觉得上海好像不是一个有人情味的地方，好像是一个对外地人不太友好的地方，我以前看到的那些好都是假的吗，只是上海本地人的美好生活吗，我真的犹豫了 ​,转发,2,赞,2022-04-09
广东天气,4分钟前,360安全浏览器,天气晴好，紫外线强烈，外出做核酸前记得先涂好防晒霜，或者带把遮阳伞，帽子等防晒物品，另湿度较低，干燥维持，出发核酸前记得先喝上几口水。,1,3,8,2022-04-09
漂亮国傻事,4分钟前,歪嘴的龙王Android,疫情这么严重了，大家都体谅一下志愿者吧，人手不够，任务又重，尽量别买非必要的东西，毕竟他们光是维持基本的物资运转都已经很辛苦了啊。,3,8,12,2022-04-09
犄jiao旮旯小小钶儿,4分钟前,nova7你在焦点在,2022疫情📝,转发,1,赞,2022-04-09
胡江波在北京,4分钟前,iPhone XS Max,#广州11个区开展全区全员核酸检测#,转发,1,1,2022-04-09
海口直播12345,4分钟前,微博 weibo.com,【可预约登记采样！“海南健康宝”操作指引来了】,转发,评论,赞,2022-04-09
Hawkeye44,4分钟前,鹰眼的超跑HarmonyOS设备,一觉醒来，广州也乱套了，齐齐安排核酸去～,转发,评论,赞,2022-04-09
八字比你多,5分钟前 转赞人数超过10,吃了吗HarmonyOS设备,#上海新增本土确诊1015例无症状22609例#,转发,2,13,2022-04-09
一只借虎威de喵,4分钟前,虎虎生威iPhone客户端,（投稿）上半年貌似陆续会开的古装项目。,转发,3,赞,2022-04-09
珂珂可可爱可乐,5分钟前 转赞人数超过10,iPhone客户端,#上海拟再开展一次全员核酸检测#,转发,评论,16,2022-04-09
,,,,,,,2022-04-09
海口直播12345,4分钟前,微博视频号,【,转发,评论,赞,2022-04-09
蓝鲸财经记者工作平台,5分钟前 转赞人数超过40,微博视频号,【上海：拟再开展一次全员核酸检测，将划分封控区、管控区和防范区，进行阶梯式管理】上海市4月9日举行新冠肺炎疫情防控新闻发布会，上海市副市长、市疫情防控工作领导小组副组长宗明在会上表示，根据国家新冠疫情社区防控的有关规定，结合之前多轮筛查的情况，拟再开展一次全员核酸检测，根据检测结果 ​,23,10,20,2022-04-09
Sylvie01,5分钟前 转赞人数超过30,iPhone客户端,#无锡106#,转发,11,36,2022-04-09
中時電子報新影視頻道,4分钟前,微博 weibo.com,【张震炙热眼神吓到名模 被爆私下反差萌“舞技超强”】科幻寓言极短篇《永生号》8日在金马奇幻影展开幕举行世界首映，导演王维明率领,转发,评论,赞,2022-04-09
科技深度IN,5分钟前,,#上海新增本土确诊1015例无症状22609例#,转发,1,3,2022-04-09
中国广州发布,5分钟前,微博 weibo.com,【增城最新通告：暂缓殡葬服务场所现场祭扫】,1,评论,赞,2022-04-09
东南早报,5分钟前,微博 weibo.com,【刚刚通报！泉州昨日新增感染者，来自这些地方】,转发,评论,赞,2022-04-09
tanpeiyu,5分钟前,iPhone客户端,IARC的数据2020年中国只算癌症死亡病例300万例，一年，记住是一年，不是疫情流行这两三年，是年均死三百多万人，真看重人命是不是应该拿对待新冠的精神和劲头以及医疗资源和财政医保的倾斜力度去搞一搞？没头脑和不高兴爱问一句你家有老人吗？别问别人了猜猜你爸妈爷奶什么时候得癌症还是得新冠吧。 ​,转发,评论,1,2022-04-09
名城苏州网,5分钟前,微博 weibo.com,#苏州战疫#,转发,评论,赞,2022-04-09
矮油别害羞,6分钟前 转赞人数超过20,搞笑超话,#等疫情结束后去吃顿火锅吧#,32,9,30,2022-04-09
翎涟,6分钟前 转赞人数超过10,vivo X60 蔡司影像,#广州 疫情#,转发,1,12,2022-04-09
上海发布,6分钟前 转赞人数超过10,微博 weibo.com,【市卫生健康委通报本市疫情防控工作最新情况】,9,6,9,2022-04-09
Bbikmi,5分钟前,iPhone客户端,记录一下近期幸福感爆炸的事情,转发,评论,赞,2022-04-09
黄河新闻网吕梁频道,5分钟前,微博 weibo.com,【侯马市公安局开展全警核酸检测】,转发,评论,赞,2022-04-09
追风少年刘全有,6分钟前 转赞人数超过200,,天气那么好，没有疫情该多好啊！ ​,75,60,304,2022-04-09
中国侨网,5分钟前,iPhone客户端,#上海将进行三区阶梯式管理#,转发,评论,1,2022-04-09
每日数码科技杂谈,5分钟前,,广州疫情卷土重来，昨日新增6例！疫情的流调结果让人惊讶，传播速度主要跟从事职业有关！,转发,评论,1,2022-04-09
请用粤语念尔淳,5分钟前,HUAWEI P20 Pro,隔壁天河城，又双叒封了,转发,评论,赞,2022-04-09
辽视第一时间,5分钟前,微博 weibo.com,【4月8日，营口市新增3例本土无症状感染者  为鲅鱼圈区报告】4月8日0时至24时，营口市新增3例新冠肺炎本土无症状感染者，为鲅鱼圈区报告，均在集中隔离场所中发现，现已闭环转运至定点隔离医院治疗。本轮疫情营口市累计报告本土确诊病例197例，本土无症状感染者503例，其中鲅鱼圈区累计报告本土确诊病 ​,1,评论,赞,2022-04-09
齐鲁晚报,6分钟前,微博 weibo.com,#4月8日山东新冠肺炎疫情情况#,1,1,2,2022-04-09
,,,,,,,2022-04-09
hxy没有意义的id名,6分钟前,iPad mini,#距2022年高考还有不到60天#,转发,3,5,2022-04-09
我苏网,6分钟前,搜狗高速浏览器,【徐州市疫情防控通告（2022年第40号）】,转发,评论,赞,2022-04-09
北半球的葉子,6分钟前,Redmi K30 5G先锋,每天看着微博上关于上海疫情的各种事情.... 真的很让人揪心... 尤其是看到那些孤寡老人没人管的视频，真的是连忙划走，看不得,转发,3,1,2022-04-09
企鹅水水XX,6分钟前,iPhone,喝着AG的日子，最近怎么就无敌想念咖啡呢…或许是买来解馋的咖啡堵在路上太久，求而不得，思念太深；又或许是近期疫情封控，总想着吃吃喝喝些平时自由时都很久不碰的东西。终于得了机会来一杯，妈呀！真的太好喝了，一解相思之苦～给老公也捎上一杯～然后带着酸辣粉来公司，哇哦，今日的加班生活如此美 ​,转发,评论,赞,2022-04-09
拽爷你博帝·85,6分钟前,小摩托iPhone 13,#安徽5000余医护人员4255吨物资驰援上海#,26,4,53,2022-04-09
红高粱honggaoliang,6分钟前,HUAWEI P40 Pro 5G,20220409 新的一天你好！,转发,评论,赞,2022-04-09
小杨爱吃桃monica,6分钟前,iPhone客户端,#广州疫情#,转发,评论,1,2022-04-09
南昌铁路,6分钟前,iPhone客户端,#南铁微视角#,转发,评论,1,2022-04-09
无为菽僧,6分钟前,HUAWEI Mate 10,疫情日记,转发,评论,赞,2022-04-09
虹麓述评,6分钟前,微博 weibo.com,在中国明显陷入上海的疫情并快速全面地向全国散发的状态下，中国经济面临严峻考验，这种考验将波及全球供应端并不可避免地会带来全球供应端紧缩，也就是全球通胀危机，即使美联储如何快速加息都无法解决美国通胀问题。其次，在中国制造被病毒疫情干扰而萎缩的可预期前提下，世界大宗产品的价格会遭遇致 ​,转发,评论,赞,2022-04-09
寧晓言,7分钟前 转赞人数超过60,热点追踪HarmonyOS设备,#上海疫情#,26,42,59,2022-04-09
WulikkDeal,6分钟前,华为Mate30E Pro 5G,#广州疫情#,转发,2,1,2022-04-09
河南共青团,6分钟前,微博视频号,截至2022年4月8日24时河南省新型冠状病毒肺炎疫情最新情况！,转发,评论,1,2022-04-09
沈丘县融媒体中心,6分钟前,微博 weibo.com,#周口好网民#,转发,评论,赞,2022-04-09
时光会吃人啊,6分钟前,iPhone客户端,#生活日记#,转发,1,1,2022-04-09
新华网,7分钟前 转赞人数超过20,微博 weibo.com,【上海拟再开展一次全员核酸检测，将依据风险程度大小，按照“三区划分”原则，进行阶梯式管理】9日上午，上海召开疫情防控发布会通报，根据国家新冠疫情社区防控的有关规定，结合之前多轮筛查的情况，拟再开展一次全员核酸筛查，根据检测结果分析研判，实施分区分级差异化防控，依据风险程度的大小， ​,8,16,24,2022-04-09
脊梁in上海SH,7分钟前 转赞人数超过80,微博 weibo.com,闲来无事做了一下上海各区（图1/2）,23,评论,76,2022-04-09
忱言,6分钟前,iPhone 13 Pro,#广州 疫情#,转发,评论,1,2022-04-09
Moku-Vv,6分钟前,朱一龙超话,#TOMFORD36虎瞳盘#,转发,评论,6,2022-04-09
广州公安,6分钟前,360安全浏览器,【白云区部分公交线路临时调整】根据白云区疫情防控的有关要求，结合相关管控区域的设置，从4月9日起，临时撤销管控区域范围的325个公交站点（公交总站22个，中途站点303个）。同时对途经区域内的160条线路实施临时调整，其中35条线路临时停运，105条线路临时截短不进入管控区域，20条线路实施绕行。,转发,评论,赞,2022-04-09
,,,,,,,2022-04-09
中国新闻网,7分钟前 转赞人数超过40,微博 weibo.com,【,2,19,46,2022-04-09
仲有最靓既猪腩肉Zzz,7分钟前,小米10S,广州又疫情了，同事说他们那儿昨天有人排队到凌晨两点，但是没有听到有人抱怨，看见有很多人企图在小红书引战，说医护迟到让ta排队久等了，但是评论都是各种理解支持医护人员的暖心话语，广州最棒！ ​,转发,1,5,2022-04-09
环球时报环球旅游,7分钟前,iPhone客户端,#黄渤梅婷小区拍戏遭业主驱赶#,转发,评论,赞,2022-04-09
蟹老板爱卖萌,8分钟前 转赞人数超过20,蟹老板爱卖萌超话,#等疫情结束后去吃顿火锅吧#,32,32,31,2022-04-09
狗勾夏發財,7分钟前,iPhone客户端,#黄渤梅婷新剧剧组致歉#,转发,1,4,2022-04-09
蛋饺肉丝姐姐KO,7分钟前,,#安徽新增6例本土确诊#,转发,评论,赞,2022-04-09
新民晚报新民网,7分钟前,微博 weibo.com,【上海新增本土1015+22609，坚持分类收治，提早介入轻症救治】,转发,评论,赞,2022-04-09
西南铁路,7分钟前,微博 weibo.com,#成铁微提示#,转发,评论,赞,2022-04-09
人气女王说话术,7分钟前,微博 weibo.com,“为情所困 不是感情 是疫情” ​,4,评论,12,2022-04-09
温江发布,7分钟前,微博 weibo.com,【温江区：织密公共交通防疫网】,转发,评论,1,2022-04-09
魅力虞城,7分钟前,nova 9 精彩由我摄定,#疫情防控#,转发,评论,赞,2022-04-09
考拉Blingling,7分钟前,iPhone客户端,#安徽5000余医护人员4255吨物资驰援上海#,转发,1,3,2022-04-09
湖北发布,7分钟前,微博 weibo.com,#江河湖北#,1,评论,1,2022-04-09
Evenevenx,8分钟前 转赞人数超过10,iPhone客户端,#广州疫情#,转发,评论,19,2022-04-09
山田孝之得不到的女人,7分钟前,HUAWEI P40 5G,从疫情到现在也算经历了一些波折，最开始的煤气灶坏了，因为疫情前发病的室友错过的囤粮，物资的短缺，花了100块跑腿费买的物资因为小区防疫人员和外卖衔接失误导致丢失的物资，我全都自己解决了,转发,评论,赞,2022-04-09
新快报,7分钟前,微博直播平台,#新快直播#,1,评论,10,2022-04-09
_三水草肃,7分钟前,iPhone 13 Pro,记录一些奇奇怪怪的可可爱爱。,转发,评论,赞,2022-04-09
愿远圆愿,7分钟前,HUAWEI P40 Pro 5G,#广州 疫情#,转发,1,6,2022-04-09
每日数码科技杂谈,7分钟前,,广州疫情严重，才解封半个月又重来，涉及9个人区！当晚连夜紧急核酸，一男子排队的举动亮了！,转发,评论,7,2022-04-09
,,,,,,,2022-04-09
一条沙发虫,7分钟前,HUAWEI Mate 30 5G,建议你们公开发布消息，要写“市人民政府”，而不是写“市政府”。,转发,1,赞,2022-04-09
杭州微博城事,7分钟前,HUAWEI Mate 30,【,转发,1,赞,2022-04-09
今日最新闻官方微博,7分钟前,微博直播平台,【4月9日广州市疫情防控新闻发布会】广州市政府新闻办于4月9日11:00，召开广州市疫情防控新闻发布会。邀请广州市卫健委、广州市商务局、白云区、广州市疾控中心相关负责同志通报广州市新冠肺炎疫情防控相关情况。（来源：珠江权威发布  广东台记者：林雪映  摄像：谢田子）时间：4月9日上午11:00  ​,转发,1,4,2022-04-09
小光小光暖暖内含光,7分钟前,Note 9 Pro 一亿像素,我真的没有想到，上海会这样子。我想的是以后读完博就去上海或者武汉，最后不考虑饮食习惯，去广州。,1,2,1,2022-04-09
南方都市报,7分钟前,微博直播平台,【广州市召开疫情防控新闻发布会】广州市人民政府新闻办公室于4月9日11:00，在广州市新闻发布厅召开广州市疫情防控新闻发布会（2022年总第36场）。将邀请市卫健委、市商务局、白云区、市疾控中心相关负责同志通报广州市新冠肺炎疫情防控相关情况。,转发,评论,4,2022-04-09
魔西倩,8分钟前 转赞人数超过4万,微博视频号,求救,4908,4510,38001,2022-04-09
海口直播12345,8分钟前,微博视频号,#关注海口疫情防控#,转发,评论,赞,2022-04-09
河北高速96122,8分钟前,新版微博 weibo.com,京哈高速(G1):,转发,评论,赞,2022-04-09
数码柯机,8分钟前,即刻笔记,荣耀官宣Earbuds 3 Pro真无线耳机，号称“一部有「温度」的科技产品”。机头部位增加了一个测温模块，可以通贴合用户耳朵实现测温，在疫情反复的当下很适合,转发,评论,赞,2022-04-09
南粤女声-,8分钟前,微博 weibo.com,#粤姐姐话你知#,转发,评论,赞,2022-04-09
达州发布,8分钟前,微博 weibo.com,【注意！,转发,评论,1,2022-04-09
上海地铁shmetro,8分钟前,微博 weibo.com,【地铁疫情防控交流专栏】为配合疫情防控工作需要，根据市疫情防控形势和轨道交通客流实际情况：2022年4月5日起至另有通知时止，上海轨道交通6号线、16号线运营时段为7:00——20:00，其他线路仍暂停运营。停运线路车站不办理进出站及换乘业务，提请市民乘客理解和支持。期间，有关于上海地铁的意见建议 ​,转发,1,1,2022-04-09
京报网_北京日报官方网站,8分钟前,微博 weibo.com,【100余人奋战，丰台区鹏润家园保障封控管控区居民生活】疫情就是命令，4月7日深夜，北京市丰台区太平桥街道快速响应、统筹部署鹏润家园小区疫情防控工作，连夜成立8个工作组，细化为综合协调、安全保障、核酸检测、生活服务、垃圾清运、物资保障、政策解答、人员转运等内容，抽调街道、社区干部、派出 ​,转发,评论,赞,2022-04-09
文旅吉林,8分钟前,新版微博 weibo.com,【,转发,评论,赞,2022-04-09
南昌经济技术开发区发布,8分钟前,微博 weibo.com,#英雄城同心战疫#,转发,评论,赞,2022-04-09
中国移动,8分钟前,微博 weibo.com,#战疫情“移”起行#,转发,评论,赞,2022-04-09
小红花测评,8分钟前,微博 weibo.com,#夏季如何给宝宝防晒#,转发,评论,赞,2022-04-09
南昌新建发布,8分钟前,微博 weibo.com,#新建动态#,转发,评论,赞,2022-04-09
北京大兴,8分钟前,微博 weibo.com,#小兴播报#,转发,评论,1,2022-04-09
中天電視亞洲台FUN,8分钟前,微博 weibo.com,【大甲妈遶境起驾了！疫情中信徒热情不减 小镇宛如不夜城】大甲镇澜宫（8日）深夜展开9天8夜遶境之旅，晚间庙方施放大型天灯，挂满8000个祈福卡冉冉升空祈求国泰民安；深夜11时一到，由马英九、台中市副市长黄国荣、镇澜宫董事长颜清标扶轿，大批信徒双手合十恭送妈祖出城，大甲小镇城宛如不夜城。 ​,转发,评论,赞,2022-04-09
,,,,,,,2022-04-09
广西新闻网,8分钟前,微博 weibo.com,【最新通知！,转发,评论,赞,2022-04-09
鞍山日报,8分钟前,微博 weibo.com,#辽宁好网民抗疫在行动#,转发,评论,赞,2022-04-09
宿迁之声,8分钟前,铀媒,#微广播#,转发,评论,赞,2022-04-09
中国吉林网,8分钟前,微博 weibo.com,#战疫攻坚进行时#,转发,评论,赞,2022-04-09
山西发布,8分钟前,微博 weibo.com,【致敬每一个忙碌的身影】近期，山西太原、晋中、临汾和运城相继发生输入性局部疫情，外防输入压力巨大，内防反弹任务繁重。此次疫情发生后，被划为管控区的小店街道立即启动应急预案，同步实施区域化、网格化、包联制等不同管控措施，力争在最短的时间内，构筑起一张疫情防控网。戳链接→,1,评论,赞,2022-04-09
北京市商务局,8分钟前,微博 weibo.com,【,转发,评论,赞,2022-04-09
寿县发布,8分钟前,微博 weibo.com,【县疫情防控指挥部召开工作会商会】4月7日晚，县委书记、县新冠肺炎疫情防控应急综合指挥部指挥长牛方括主持召开县疫情防控指挥部工作会商会，县领导李琼、王亚晖、牛斌、洪毅然、袁东、胡玉强、李景练、李家明、卢胜、邓祖洋、谢超、姚忠及县疫情防控应急处置“一办十二组”、寿春镇等负责同志参加会 ​,转发,评论,赞,2022-04-09
潮涌灯湖-南海桂城,8分钟前,微博 weibo.com,#疫情防控#,转发,评论,赞,2022-04-09
武汉机场楚天情,8分钟前,微博 weibo.com,#乘机小贴士#,转发,评论,赞,2022-04-09
Gaby1013,8分钟前,iPhone 12 Pro,#上海新增本土确诊1015例无症状22609例#,转发,2,2,2022-04-09
陕西网,8分钟前,Android,#陕西疫情快讯#,转发,评论,1,2022-04-09
meira333,8分钟前,罗一舟的萝卜粥,#广州核酸#,转发,1,5,2022-04-09
新浪福建,9分钟前 转赞人数超过70,微博视频号,#福建医疗队将接管上海世博方舱医院#,14,29,86,2022-04-09
每日经济新闻,8分钟前,搜狗高速浏览器,#江苏首个服务上海的方舱医院正式开舱#,转发,评论,2,2022-04-09
地产大婶,8分钟前,华为Mate30E Pro 5G,#上海疫情#,转发,2,2,2022-04-09
陆建华摄影,8分钟前,华为P50 Pocket,无锡疫情防控措施有所调整，据最新消息，商业综合体、超市、医疗卫生机构、公共交通、药店、建筑工地等暂不执行48小时核酸检测报告准入措施，凭门铃码绿码可进入。,转发,3,赞,2022-04-09
我去个嘞个嘞,8分钟前,iPhone客户端,#上海新增本土确诊1015例无症状22609例#,转发,2,5,2022-04-09
昆明轨道交通集团有限公司,8分钟前,三星A70绚丽U视屏,#注意啦！你的这些行为可能涉嫌违法！昆明地铁发布最新提示#,转发,评论,赞,2022-04-09
扬州交通广播,8分钟前,HUAWEI Mate30 Pro 5G,【清美公司回应将礼包中冷鲜肉替换为午餐肉：因小区内配送时间过长，冷鲜肉不允许断冷链配送】上海市消保委4月9日消息，昨日有多名消费者向上海市消保委反映清美公司团购套餐存在问题。清美公司4月9日回应称，关于部分消费者反映清美生鲜大礼包出现冷鲜肉被午餐肉替换的问题，因近期疫情原因，小区内配 ​,转发,评论,赞,2022-04-09
邊邊staylo,8分钟前,微博国际版,将逃避扰乱疫情防控的疫情防控的称之为英雄？,转发,评论,赞,2022-04-09
,,,,,,,2022-04-09
1034生活广播,8分钟前,新版微博 weibo.com,【保护自己 保卫城市--疫情防控 法库在行动：吉祥街道边门社区贴心服务送上门 居家隔离也温暖 】,转发,评论,赞,2022-04-09
江南刘捕头,9分钟前,微博 weibo.com,【上海：已建成方舱医院100多个 床位数达16万多】据上海4月9日疫情防控工作新闻发布会介绍，目前，全市已有8个定点医院，床位数8000余张，今明两天还有一批定点医院可以投入使用。已建成方舱医院100多个，床位数16万多。后续将根据疫情形势，进一步做好定点医院和方舱医院的资源储备。——啧啧，需要多 ​,1,评论,赞,2022-04-09
怡然自得_andy,9分钟前 转赞人数超过10,HUAWEI P40 Pro+ 5G,刚刚看完了,3,17,17,2022-04-09
达尔文的猫和狗,9分钟前 转赞人数超过60,微博视频号,上海封城一周，看看疫情之下，我和宠物的物资分别还剩多少,2,21,71,2022-04-09
布吉岛优秀代表,10分钟前 转赞人数超过10,荣耀V10 我AI的快,#上海新增本土确诊1015例无症状22609例#,转发,评论,15,2022-04-09
建德发布,9分钟前,微博 weibo.com,#17抗疫#,转发,评论,赞,2022-04-09
一只特立独行的狗___,9分钟前,荣耀30 5G,已经快一年没回家看外婆了,转发,评论,赞,2022-04-09
张晓楠,9分钟前,iPhone,知止而后有定 定而后能静 静而后能安 安而后能虑 虑而后能得——《大学》,转发,1,1,2022-04-09
健康广州,10分钟前 转赞人数超过30,360安全浏览器,#周知#,8,14,37,2022-04-09
王俊凯的strawberry,9分钟前,王俊凯恭喜发财,@hyq,转发,24,15,2022-04-09
敲敲敲敲吖,9分钟前,iPhone客户端,居家隔离第七天啦,转发,评论,赞,2022-04-09
扎哈克,9分钟前,iPhone客户端,#上海疫情#,1,1,2,2022-04-09
法职_庞九林律师,9分钟前,微博搜索,#这波新冠疫情还要持续多久#,转发,1,2,2022-04-09
三亚日报,9分钟前,微博 weibo.com,#三亚头条新闻#,转发,评论,赞,2022-04-09
肉包里面全是菜,9分钟前,vivo S9 极夜柔光自拍,#广州 疫情#,转发,评论,1,2022-04-09
香港沉默之聲,10分钟前 转赞人数超过10,,我们观察到白云区广园新村一带市况井然，请大家不信谣、不传谣，严格按照政府防控要求，不为国家添乱，广州加油！💪🏻,1,评论,15,2022-04-09
观察者网,10分钟前 转赞人数超过20,微博 weibo.com,【上海累计新冠感染人数前五位：浦东、闵行、徐汇、黄浦和嘉定】4月9日上午10:00，上海举行新冠肺炎疫情防控工作新闻发布会。上海市副市长、市疫情防控工作领导小组副组长宗明介绍，3月1日以来，我市已持续开展了多轮次核酸筛查或抗原检测。自4月4日以来，截至4月8日24时，累计筛查约9527万人次，已完 ​,6,16,23,2022-04-09
沈丘县融媒体中心,9分钟前,微博 weibo.com,#周口好网民#,转发,评论,赞,2022-04-09
海口直播12345,9分钟前,微博 weibo.com,#关注海口疫情防控#,转发,评论,赞,2022-04-09
,,,,,,,2022-04-09
水泊武松,9分钟前,vivo Y31s 千元5G,【最新吉林省疫情】截止到4月8日24时，全省新增治愈出院确诊病例1563例，其中长春市1212例、吉林市343例、四平市5例、延边州2例、白城市1例；新增解除隔离医学观察无症状感染者860例，其中长春市569例、吉林市289例、延边州1例、辽源市1例。长春市疫情是吉林省的重中之中！ ​,转发,评论,赞,2022-04-09
果然视频,9分钟前,微博 weibo.com,#4月8日济南新增本土病例情况#,转发,1,赞,2022-04-09
河北新闻广播,10分钟前,OPPO Reno6 Pro+ 5G,#关注河北疫情#,转发,评论,1,2022-04-09
信息时报,10分钟前,微博 weibo.com,【即日起，广园客运站、三元里客运招呼站暂停营运】9日上午，记者从广州市交通运输部门获悉，根据《广州市新型冠状病毒肺炎疫情防控指挥部通告》（第32号）文件要求，为配合做好疫情防控工作，自4月9日起，广园客运站、三元里客运招呼站暂时停运，具体恢复营运时间请留意客运站公众号信息。,转发,评论,赞,2022-04-09
深圳小天,11分钟前 转赞人数超过90,深圳小天超话,广州市民连夜排队有序做核酸,3,22,116,2022-04-09
China_達西先生,10分钟前,Redmi 9A,#上海新增本土确诊1015例无症状22609例#,转发,3,2,2022-04-09
山西城市频道,10分钟前,HUAWEI Mate 20 Pro,#直击山西疫情第一线#,转发,1,2,2022-04-09
每日数码科技杂谈,10分钟前,,现在疫情真的是太狡猾了，杭州、深圳、上海……广州，似乎将各大城市都搞了一个轮回，而且是一个又一个的轮回，这一点让人属实有点疑惑！,转发,1,赞,2022-04-09
泥滴岁王,11分钟前 转赞人数超过10,,你mua的～疫情再不结束，我朋友要把月老办事所做大做强发家致富了,转发,1,18,2022-04-09
大众日报,10分钟前,,【济南市卫生健康委信息发布（2022年4月8日0—24时）】,转发,评论,赞,2022-04-09
钱江晚报,10分钟前,微博 weibo.com,【,1,评论,赞,2022-04-09
lijia2021heng,10分钟前,HUAWEI P30 Pro,友人说：关注其他同类的命运并为之呐喊、伸出援手，这是人和动物的区别；公民自治、自觉、自发形成互助组织，这是现代文明社会的样子。面对无差别攻击的疫情，你可以质疑上海探索“躺平”，而我认为它是第一个站着迎敌的。 ​,转发,评论,1,2022-04-09
广州交通电台,10分钟前,微博 weibo.com,【目前，广州地铁二号线/八号线部分车站停止对外服务】4月9日运营时间起，,转发,评论,4,2022-04-09
爱喝奶茶的桃小妖,10分钟前,iPhone客户端,#上海新增本土确诊1015例无症状22609例#,转发,评论,10,2022-04-09
新浪广东,10分钟前,微博直播平台,#广州疫情#,1,10,5,2022-04-09
广州白云发布,10分钟前,新版微博 weibo.com,【致全区广大共产党员的动员令】,转发,评论,赞,2022-04-09
是u洗不是哟西,10分钟前,iPhone客户端,#广州疫情#,转发,2,10,2022-04-09
水京田心,10分钟前,iPhone客户端,这疫情真的好严重，就不出门添乱啦，等🐼买菜回家做饭。 ​,转发,3,1,2022-04-09
沈翰之,10分钟前,沈翰之超话,#等疫情结束后去吃顿火锅吧#,30,30,29,2022-04-09
中国大学生在线,10分钟前,周六小中哥HarmonyOS设备,#共抗疫情爱国力行#,转发,评论,1,2022-04-09
,,,,,,,2022-04-09
习五一,12分钟前 转赞人数超过20,,#上海疫情#,5,15,65,2022-04-09
龙卟叕,11分钟前,iPhone客户端,哈哈，现在的生活状态就是纯纯搞笑：出门折返的最大原因就是忘拿口罩，和人接触最担心的是成为密接，约好去哪里玩第一个问题是两码信息是否会变，抖音里面收藏了无数个旅游胜地命名都是疫情结束了再去，想留点纪念拍合照回头翻相册都戴着口罩😷。这么好的天气休息四天，两天市内游，两天室内游,转发,评论,赞,2022-04-09
八字比你多,12分钟前 转赞人数超过10,吃了吗HarmonyOS设备,#上海新增本土确诊1015例无症状22609例#,转发,评论,19,2022-04-09
鲁网潍坊,11分钟前,新版微博 weibo.com,#潍坊疫情#,转发,评论,赞,2022-04-09
湛泸剑,11分钟前,,#丽水疫情#,转发,评论,赞,2022-04-09
青季_长醉不愿醒,11分钟前,微博国际版,突然想起了疫情刚开始的时候去超市一篮一篮买口罩再寄给国内朋友的事儿。当时挺怕被超市和邮局的人说什么，但也什么都没被说。两三次后觉得不能再薅人家库存了就没再买了，我自己也没提前囤。后来有段时间这边口罩跟不上，大家好几个月里都小心翼翼搞库存等补货。,转发,评论,赞,2022-04-09
海口直播12345,11分钟前,微博视频号,#关注海口疫情防控#,转发,评论,赞,2022-04-09
不知道叫啥Z,11分钟前,HUAWEI Mate 40 Pro,#上海新增本土确诊1015例无症状22609例#,转发,2,3,2022-04-09
大孫旭,11分钟前,iPhone客户端,#上海新增本土确诊1015例无症状22609例#,转发,评论,2,2022-04-09
JK日常,11分钟前,,【无关jk】请问大家起初是怎么接受和父母分别的呢？  由于疫情影响妈妈换了一份工作，虽然在本地可是需要住宿，一次可能要一个半月都不能回家，回来了也只能待一个星期左右。我真的非常非常舍不得妈妈，这两天她还没有去我就已经在偷偷哭了。妈妈在决定之前其实也有问过我，但我们家是那种很含蓄的氛围 ​,转发,6,2,2022-04-09
洋浦政务,11分钟前,微博 weibo.com,三亚新增确诊病例2例、无症状感染者1例，无症状感染者转归确诊病例1例,转发,评论,赞,2022-04-09
兔叽的奥利奥扭不开,11分钟前,iPhone客户端,还是我大成都厉害,转发,1,3,2022-04-09
广州交通,12分钟前 转赞人数超过50,荣耀10 AI变色更潮美,#广州交通快讯#,47,3,14,2022-04-09
山西城市频道,11分钟前,HUAWEI Mate 20 Pro,#山西新增本土6例无症状5例#,转发,1,5,2022-04-09
植先生,12分钟前 转赞人数超过50,iPhone 12 Pro Max,#上海新增本土确诊1015例无症状22609例#,7,7,50,2022-04-09
rickyaoyao,11分钟前,,#上海健康码崩了#,转发,评论,3,2022-04-09
上海锵锵和鸣Phoenix,11分钟前,微博 HTML5 版,#上海消息#,转发,评论,赞,2022-04-09
4A广告网,13分钟前 转赞人数超过20,微博 weibo.com,【联名狂魔五菱，又又又对迪士尼下手了】说起跨界营销最最最出圈的汽车品牌，绝对绕不开｢五菱｣。疫情初期口罩短缺，五菱马上改造生产线生产口罩、捐赠物资，获得大众拍手称赞。地摊经济蔚然成风，五菱迅速推出豪华地摊车，成为诸多年轻人追捧的摆摊神器。螺蛳粉火遍全国，五菱跨界上线螺蛳粉界，在端 ​,29,10,30,2022-04-09
元气少女平儿,12分钟前,iPhone客户端,#人不傻X枉少年#,转发,1,赞,2022-04-09
ba哥专用,13分钟前 转赞人数超过1400,微博视频号,疫情期间，上海人都在居家隔离，彭于晏所在的小区夜间开演唱会，大家都在窗前呼喊解闷。有业主大喊彭于晏，结果彭于晏还回应道：准备好了吗！,246,191,2231,2022-04-09
,,,,,,,2022-04-09
KomorebiLam,13分钟前 转赞人数超过10,,这个在玲姐腾哥背后的小花一闪而过的小花 都能想象到现场这一期大圣放空有多可爱了,1,评论,20,2022-04-09
上海消防,12分钟前,微博 weibo.com,【疫情防控期间公共场所消毒要点】公共场所人流量大，是传染病传播和交叉感染的最佳场所，因此在疫情期间，一定要注意防疫消毒工作。关于公共场所的消毒要点，戳图学习~,1,评论,赞,2022-04-09
三湘都市报,13分钟前 转赞人数超过500,微博视频号,#湖南大学即将解封#,59,137,629,2022-04-09
珍珠奶绿去冰全糖,12分钟前,说废话专用机,#广州 疫情#,转发,评论,1,2022-04-09
晨光粉丝团,12分钟前,微博 weibo.com,爆笑宅家行为图鉴，晨妹为你在线揭秘！,转发,1,1,2022-04-09
红网,12分钟前,iPhone客户端,【长沙岳麓山风景名胜区麓山景区管理处发布麓山景区开放东门通告】广大市民朋友们、各位游客：为进一步做好新冠肺炎疫情防控工作，切实保障人民群众生命健康，根据上级疫情防控指挥部统一部署，麓山景区有序开放，实行网上预约、柔性管理，现将有关情况通告如下：,1,评论,赞,2022-04-09
河南新闻广播,12分钟前,微博视频号,【,转发,评论,2,2022-04-09
齐鲁晚报,12分钟前,微博 weibo.com,#4月8日济南新增本土病例情况#,3,6,4,2022-04-09
正宗啥都没了,12分钟前,微博国际版,#广州白云区开展全员核酸检测#,转发,5,赞,2022-04-09
蒙大拿自在哥,12分钟前,华为畅享10 Plus,武汉疫情之后，不断变异的新冠病毒似乎非常聪明，与既往的流行性呼吸类病毒不同，定期变异升版，越来越难以发现且感染力极强，延时加重病症诱发基础性病症转危，诡异的是老年人易中招。而多年前一些以合作科研名义的医卫组织提取过大国老年人的基因类医学样本（局座张召忠当年曾发出警告）。,转发,评论,赞,2022-04-09
想到你就满腔蜜意哈哈哈,12分钟前,HUAWEI Mate 20,#上海疫情#,1,评论,3,2022-04-09
雷希颖,12分钟前,HUAWEI Mate X2,求求有一些“高贵”的上海人，你们就配合一下吧,转发,8,11,2022-04-09
赵鹏飞,12分钟前,,#广州 疫情#,转发,2,7,2022-04-09
花开自在花开,12分钟前,iPhone客户端,听说魔都隔离人员被拉进本市核心区某酒店隔离，周边居民极度恐慌，连门窗都不敢开。,转发,评论,赞,2022-04-09
万花谷里的子衿花,12分钟前,iPhone客户端,我真的会恨上海疫情外溢和不作为,转发,评论,2,2022-04-09
沐月沁光,12分钟前,小米11 Pro,#长春新增本土确诊150例#,转发,评论,5,2022-04-09
狼狼狼狼狼狼狼七匹狼,12分钟前,360安全浏览器,国有五大行回应因疫情不能按时还房贷问题,转发,评论,赞,2022-04-09
卧佛东庄,13分钟前,HUAWEI Mate 40,上海防疫艰难时期，教师自发组织留学生生日派对似乎学校就没有责任啦？留学生办公室道歉一下教师就没有事儿啦？,转发,评论,1,2022-04-09
第一帮帮团,13分钟前,第一帮帮团超话,#逾期交房后承诺一再落空#,转发,评论,赞,2022-04-09
老抛,13分钟前,新版微博 weibo.com,吉林市本轮疫情的数据统计：每日新增阳性（当日确诊+当日无症状-当日无症状转确诊），累计阳性病例。 2022.03.02-2022.04.08（病例统计日期， 比公布日期晚一天）吉林市的社区传播从开始就很猛，野生病例统计意义不大。吉林市昨天宣布社会面清零，见到曙光了。,转发,评论,赞,2022-04-09
,,,,,,,2022-04-09
石玥十,13分钟前,华为手机,上海这次疫情丑态百出，是网络发达消息传播更加快速的原因其实每个城市这样的情况都大同小异？还是就是这座城市做的尤其的不好呢？柯基因为主人被拉去隔离了就被乱棒打死，只有本地人可以收到发放的菜，还有市民饿晕在路上，物价奇高外卖几个小时都没人接单，整个城市乱套好像末世大逃杀一样。,转发,评论,1,2022-04-09
盐盐是个小帅锅,13分钟前,Android,#上海新增本土确诊1015例无症状22609例#,转发,评论,2,2022-04-09
克总评车,13分钟前,iPhone 13 Pro Max(金色),据了解：隔壁小区昨天晚上有阳性出来遛狗，结果群情激愤，警察过来装摄像头门禁。,转发,评论,赞,2022-04-09
戟囂,13分钟前,Android,有时候深入骨髓的观念外化到行为语言习惯挺下头的,转发,评论,1,2022-04-09
三亚日报,13分钟前,微博 weibo.com,#三亚头条新闻#,转发,评论,赞,2022-04-09
六安发布,13分钟前,,【叶露中主持召开全市疫情应急处置调度会】4月8日晚，市委书记叶露中主持召开全市疫情应急处置调度会，就当前疫情防控各项重点工作进行部署。省政府副秘书长李必方出席会议。市领导王忠、李敏、刘洪洁等参加会议。会议以电视电话会议形式召开，金安区、裕安区在分会场收听收看会议。,转发,1,1,2022-04-09
旅行者喵号,13分钟前,iPhone 12 mini,#广州疫情#,转发,评论,11,2022-04-09
颍州晚报,13分钟前,新版微博 weibo.com,#安徽抗疫#,转发,评论,赞,2022-04-09
每日数码科技杂谈,13分钟前,,上海疫情通报出来了。,转发,评论,赞,2022-04-09
ffffflyice_,13分钟前,OPPO超视野全面屏R15,#上海疫情#,转发,评论,3,2022-04-09
一个芝士分子子,13分钟前,荣耀20 PRO,#广州疫情#,转发,评论,6,2022-04-09
庄志明律师,15分钟前 转赞人数超过20,360安全浏览器,先人后己，舍己为人，公而忘私……这些字眼，很长时间以来被一些网民嘲笑，诟病，他们认为人性就是应该首先为自己考虑，先人后己是不人性的。,16,12,39,2022-04-09
奔向乌托邦的小傻妞,14分钟前,iPhone客户端,我们天天抗原或核酸，阳性却不转走中。。,2,评论,赞,2022-04-09
偷日落孩儿,14分钟前,iPhone客户端,我真的会谢 本来有解封的苗头了 今天广州又严重起来了,转发,1,2,2022-04-09
半岛都市报,14分钟前,iPhone 13 Pro,【上海将再开展一次全员核酸检测，按风险程度分区阶梯式管理】4月9日上午10:00，上海举行疫情防控工作新闻发布会。上海市副市长、市疫情防控工作领导小组副组长宗明就新冠疫情区域防控和核酸筛查情况向大家作通报。,转发,评论,赞,2022-04-09
答案回眸,14分钟前,vivo AI智慧拍照X21,#上海新增本土确诊1015例无症状22609例#,转发,5,6,2022-04-09
lin_zhazhazhazha,14分钟前,林墨妈咪的iPhone XS,#广州 疫情#,转发,2,9,2022-04-09
凤梨日记本,14分钟前,iPhone客户端,如果上海被隔离在家的孕妈妈刚出月子呢？吃米汤？喝稀饭？如果没有收到zf发放的物资、没有团购就这样干饿着 2022真实版在这个已经基本实现全面小康时代荒野求生搞饥荒？是又回到老底子要吃树皮煮皮鞋的时代了吧,转发,评论,1,2022-04-09
Sleepbefore11,14分钟前,iPhone客户端,小区组织的各种团购我一直没有参加除了前些日子团了一次麦当劳！主要也是担心团来团去其一太麻烦志愿者其二增加风险！非到最后一刻还是不要行动比较稳妥！我就在群里看着其他居民把团购搞的如火如荼！我觉得大家为了解决民生问题也正常！可是看到有些小区居然团购可乐什么巴黎水之类的我tmd就无语了！ ​,转发,评论,赞,2022-04-09
轻舞红袖,14分钟前,微博 weibo.com,4月8日0—24时，吉林新增本土病例248例，其中长春市150例、吉林市87例，昨天官方宣布吉林市实现了社会面清零的目标，好消息，令人振奋，谁都想不到这波疫情会持续这么长时间，太煎熬了，就盼望着彻底解封的那一天了。 ​,转发,评论,赞,2022-04-09
,,,,,,,2022-04-09
平凡人生的2013,14分钟前,iPhone客户端,阳光明媚，春光无限，日子却不是常态。有种温水煮青蛙的感觉…无奈、纠结、焦虑、恐慌…希望由大变小…疫情何处是尽头？盼望着正常的生活,转发,1,赞,2022-04-09
京报网_北京日报官方网站,14分钟前,360安全浏览器,【,1,2,赞,2022-04-09
59yangLl嗯,14分钟前,iPhone客户端,陪了我十几年的人,转发,评论,1,2022-04-09
蓝色玩纸,14分钟前,Redmi 10X 全芯超越,#2022年4月9日广东省新冠肺炎疫情情况#,转发,评论,1,2022-04-09
mmmmengyun,14分钟前,OPPO R9s,#疫情防控#,7,19,56,2022-04-09
只可强求自己,14分钟前,微博国际版,#南通疫情#,转发,评论,赞,2022-04-09
Anonymus_,14分钟前,iPad Pro,#上海疫情#,2,1,5,2022-04-09
大房东V,15分钟前,iPhone 13,上海疫情，单日依旧两万多,转发,评论,3,2022-04-09
叫我28小哥哥呐,15分钟前,HUAWEI Mate 30,个别上海人是真的娇贵,转发,4,5,2022-04-09
上海消防,15分钟前,微博 weibo.com,#上海拟再开展一次全员核酸#,1,评论,赞,2022-04-09
Yhthql,15分钟前,iPhone,#广州 疫情#,转发,评论,3,2022-04-09
咸鱼茄子金属喵,15分钟前,,老家疫情刚冒头我就给家里买了一箱防疫物资寄回去，现在疫情都快结束了东西还没送到家人手上……,转发,3,赞,2022-04-09
福州校园,15分钟前,小粥捡的iPhone 11,#福建学子加入广场舞群聊#,转发,评论,1,2022-04-09
九七式中战车,15分钟前,OPPO随光而变R17,#广州 疫情#,转发,评论,2,2022-04-09
网信天津,15分钟前,搜狗高速浏览器,#你好天津#,转发,评论,赞,2022-04-09
鱼寒,15分钟前,搜狗高速浏览器,上海：拟再开展一次全员核酸检测，将依据风险程度大小，按照“三区划分”原则，进行阶梯式管理。,转发,评论,赞,2022-04-09
洋浦政务,15分钟前,微博 weibo.com,儋州市那大镇主城区核酸检测温馨提醒,转发,评论,赞,2022-04-09
橘香乌龙,15分钟前,,#广州 疫情#,转发,1,4,2022-04-09
新浪辽宁,15分钟前,iPhone 12,#喜迎二十大 辽宁在行动#,1,评论,赞,2022-04-09
StanZeng,15分钟前,iPhone客户端,一早起来喜提14+7,转发,评论,赞,2022-04-09
,,,,,,,2022-04-09
这片海的蓝天,15分钟前,HUAWEI P20 Pro,疫情扰乱了人们工作生活的步伐和节奏，不少网友出现了情绪和思想上的波动。怎么办？,转发,评论,赞,2022-04-09
人民公安报,15分钟前,微博视频号,#疫情当前 警察不退#,转发,评论,赞,2022-04-09
LSDN的闺蜜粉,15分钟前,iPhone客户端,现在我特别期待疫情过去以后赶紧买个大冰箱，装满山姆店买的羊肉牛肉排骨鳕鱼虾仁鸡米花大桶冰激凌猪肉玉米馅饺子花生馅黑芝麻馅汤圆…,转发,评论,赞,2022-04-09
秘密小熊基地,15分钟前,真我GT Neo2,#南师大疫情#,转发,评论,5,2022-04-09
圓咚咚的刺,16分钟前,iPhone客户端,距离上一次发wb十多天了,转发,1,2,2022-04-09
历史课课代表,16分钟前,nova 8 SE 活力版,“学校为留学生过生日？”上海普陀，某高校内发生了令人气愤的一幕，现在疫情这么严重，大家都在居家隔离，万万没想到，该校住校教师竟让大家聚集在一起，给留学生过生日。,1,1,1,2022-04-09
爬墙超A,16分钟前,荣耀X20,想想还是生气，做人还是要留点口德，疫情当前自顾不暇，我本来也不觉得在我们这个封控区当志愿者是一件高尚的事，也没有想得到回报，如此艰难的环境下，只是想帮帮忙，搞得谁心里不害怕一样，爬着充满消毒液味道的楼道，我真的是大写的一个服字 ​,转发,评论,赞,2022-04-09
印象张家口,16分钟前,OPPO Reno5 5G,#张家口生活#,转发,评论,赞,2022-04-09
皮青正,16分钟前,,健康时报,转发,评论,1,2022-04-09
九界刀铺-,16分钟前,微博国际版,那个六人团帮扶老外的事儿，现在推一个小孩出来就很离谱。这件事说白了，老百姓为什么生气，就是因为不患寡而患不均。一个外国成年男性，有稳定收入不被疫情影响的工作，无基础疾病，哪怕语言不通（甚至他还会用汉语发朋友圈）他都没资格让六个志愿者给他成立单独帮扶小组。如果拍的照片是志愿者给外国 ​,转发,1,1,2022-04-09
牛骑士,16分钟前,新版微博 weibo.com,清早醒来，看到两则重磅消息或对下周A股带来变化影响，给大家一个提醒：,转发,评论,61,2022-04-09
啊我超困,16分钟前,iPad客户端,#上海新增本土确诊1015例无症状22609例#,1,1,6,2022-04-09
应如是R,16分钟前,行成于思的iPhone客户端,#上海新增本土确诊1015例无症状22609例#,转发,评论,3,2022-04-09
馮凡妃凤飞,16分钟前,vivo T1x,中国的防疫政策，虽然严格，但是从整体上保障了所有平民百姓的生活稳定，那便是疫情会很快得到控制，不会因为收入低而染疫得不到救治面临生命危险，富人与平民的待遇是一样的，大家的生命都会得到尊重。,转发,评论,赞,2022-04-09
不洗澡的鱼,16分钟前,阿姨送的iPhone 12,2500w人每天睁开眼就要吃饭  家里还有老人、小孩、病人、动物的等等特殊情况的    一旦各种物资供应不上  造成严重次生灾害,转发,评论,10,2022-04-09
深扒王,17分钟前 转赞人数超过100,,#当海外粉丝在肖战专访听到了自己#,转发,13,177,2022-04-09
Reds_In_Shanghai_寒羽,16分钟前,宋朝的HarmonyOS设备,现在这个问题确实很现实，哪怕这次疫情过了之后，怎么办？,2,11,赞,2022-04-09
财经女侠云疏,16分钟前,,2022年第一季度IPO,转发,评论,246,2022-04-09
秦州城区交警,16分钟前,新版微博 weibo.com,秦州城区交警紧急救助病人入院治疗,转发,评论,赞,2022-04-09
社会日常生活,16分钟前,iPhone 12 Pro Max,#花影摇曳的春日故宫#,3,11,510,2022-04-09
,,,,,,,2022-04-09
寻味长春,17分钟前,微博视频号,#疫情宅家减脂餐分享#,2,1,1,2022-04-09
丨李皮皮很皮丨,17分钟前,iPhone客户端,因为疫情不能去学校，现在天气热了，在家里没什么衣服穿，两三天一洗（仅有的几套衣服轮着穿），但我自认为穿的还是干净、得体的，就是比较休闲（黑色运动裤、浅蓝色衬衫、灰色外套）。但是我爸一直在diss我的穿着，特别是浅蓝色衬衫，说丑、老气，他们那个年纪都不会穿，只有我爷爷奶奶那个年纪的才会 ​,转发,评论,赞,2022-04-09
泉州台商投资区,17分钟前,OPPO Reno5 5G,【人民网评论丨有力度、有温度，泉州战“疫”现曙光】眼下的福建泉州，“轻舟已过万重山”。,转发,评论,赞,2022-04-09
广州天气,18分钟前 转赞人数超过30,微博视频号,假如→假如突然接到通知要被隔离，那应该带那些物品？,21,15,30,2022-04-09
老抛,17分钟前,新版微博 weibo.com,长春本轮疫情的数据统计：每日新增阳性（当日确诊+当日无症状-当日无症状转确诊），累计阳性病例。 2022.03.04-2022.04.08（病例统计日期， 比公布日期晚一天） ​3月12日开始，长春统计野生病例已经没有意义，所以不统计长春的野生病例。长春市公告的累计病例数和逐日数据经常对不上。从国家公告上看 ​,转发,评论,赞,2022-04-09
吕阿仓,17分钟前,iPhone客户端,今早又有人进楼了，开门后是发抗原测试的，这次发了四个，说是一天之内要测两次，上午一次，下午一次。,转发,评论,2,2022-04-09
浙江之声,17分钟前,iPhone客户端,【“挡刀女孩”崔译文又当起了防疫志愿者】今天上午，宁波市鄞州区对重点区域开展核酸检测。在鄞州区东柳街道月季社区，全国道德模范、“挡刀女孩”崔译文身披志愿者红马甲，为前来采样的市民答疑解惑、维护排队秩序。她说：“早上我下楼做核酸，看到志愿者人比较少，比较缺人，我说那我来，就来当志愿 ​,转发,评论,1,2022-04-09
海南交通广播,17分钟前,搜狗高速浏览器,【即日起，三亚12345增设生活必需品保供服务专线】根据三亚市新型冠状病毒肺炎疫情防控工作指挥部关于做好新冠肺炎疫情防控生活必需品应急调配工作的通知，即日起，三亚市12345政府服务热线在加大力量确保5号键疫情防控专线接线服务的基础上，增设24小时保供服务专席（88695035），受理群众反映的生活 ​,转发,评论,赞,2022-04-09
确实是个俗人,17分钟前,微博国际版,#南昌疫情#,1,评论,5,2022-04-09
南栀叶,17分钟前,🦊＆🐝Android,#广州 疫情#,转发,1,2,2022-04-09
盐田发布,17分钟前,nova6 5G自拍大不一样,【“战疫”平常心 发现一起就扑灭一起！| 速观察】“动态清零”，不追求绝对零感染，而是快速、精准，立足抓早、抓小、抓基础，发现一起就扑灭一起，守住不出现疫情规模性反弹的底线。,转发,1,赞,2022-04-09
我也叫李墨染啊,17分钟前,iQOO Z1 5G性能先锋,这个时候基本上都能吃上饭了，别讲好歹能吃饱就行。现在最大的问题还是医疗这块，普通药品也还好，就是看病太麻烦，120太忙叫不来，自己出去不方便，好不容易送到医院，回去又是个问题。疫情赶紧结束，让我姐赶紧回郑州，郑州医院也没限制，医疗水平也比咱这好太多。连续值班的第19天，之所以不请假就 ​,转发,评论,赞,2022-04-09
娱乐每日专用,18分钟前 转赞人数超过10,iPhone 12,#黄渤梅婷新剧剧组致歉#,20,20,20,2022-04-09
绿色蒲江,17分钟前,360安全浏览器,#蒲江新闻#,转发,评论,赞,2022-04-09
老河口市融媒体中心,17分钟前,nova7你在焦点在,襄阳市新型冠状病毒肺炎疫情通报（809),转发,评论,赞,2022-04-09
IbaraMayaka_,17分钟前,💛的iPhone 12 Pro Max,#广州 疫情#,1,3,5,2022-04-09
宁津公安,17分钟前,宁津公安iPhone客户端,湖北已经“鄂”住疫情，安徽已经“皖”美收官,转发,评论,2,2022-04-09
午夜沉入海底,18分钟前,iPhone客户端,每天打开微博首页都会哭，哭民生疾苦，哭吃不上饭的人，哭去上海看病疫情封控流落街头的步履蹒跚的老人，哭在医院门口无法让自己的家人进去看病无力瘫坐的中年男人，哭在酒店发病没有及时救助导致一个女儿失去爸爸，哭那个打赏外卖员200块被网暴跳楼的女士，哭那些看着无助的人民满脸冷漠奉行官宦性条 ​,转发,评论,1,2022-04-09
鲍迪克,18分钟前,360安全浏览器,【上海真这么差吗？】上海疫情数据创了记录，舆情也创了两个记录；,1,19,11,2022-04-09
,,,,,,,2022-04-09
林林总总子,18分钟前,iPhone客户端,#广州疫情#,转发,4,3,2022-04-09
骨科袁锋,18分钟前,,#上海新增本土确诊1015例无症状22609例#,转发,评论,5,2022-04-09
麒麟神侯,19分钟前 转赞人数超过400,旷世麒财HarmonyOS设备,#上海新增本土确诊1015例无症状22609例#,10,45,731,2022-04-09
贤韵奉浦,18分钟前,新版微博 weibo.com,【深夜“花式”秀床大赛，其实，他们只想睡个好觉】,转发,评论,1,2022-04-09
海口锦鲤,18分钟前,iPhone 13 Pro Max,#海口抗疫公益在行动#,转发,评论,赞,2022-04-09
AprilYL_04,18分钟前,,疫情下的暖与善，真的很感动了，感谢所有人的帮助和付出，感谢河南,转发,评论,赞,2022-04-09
健康资阳官微,18分钟前,小米9,2022年4月8日资阳市新型冠状病毒肺炎疫情情况：,转发,评论,赞,2022-04-09
海南国际旅游岛之声,18分钟前,新版微博 weibo.com,#1038在播报#,转发,评论,赞,2022-04-09
江西发布,18分钟前,微博视频号,【央视《新闻联播》报道：抗原检测试剂在南昌投入使用 对重点人群快检初筛】,转发,评论,1,2022-04-09
E子--,18分钟前,微博小程序,疫情下各行各业都很难，实体不用说，冲击最大，我们深圳小区楼下的海底捞算生意好的了，但是都永久性关闭了，前段时间给姐姐报了一个思科英语99元6节体验课，上了一次就没有动静了，老师说教育局因为疫情要求停课，现在所有线下机构都是停课状态，问题是珠海这边现在并没有疫情啊，姐姐还报了一个体智+ ​,转发,评论,赞,2022-04-09
剧贫道,18分钟前,,4月8日，深圳，网传黄渤梅婷在深圳一小区拍戏，因剧组人多，小区内部分业主因担心疫情风险，驱赶摄制组。物业称，4月7日剧组在小区拍摄了半天时间，已确认不会再到小区拍摄。,65,评论,12,2022-04-09
直播海南,18分钟前,新版微博 weibo.com,【关于继续关停海口市部分经营性密闭场所的通告】鉴于当前我市疫情防控工作需要，为有效控制和降低疫情传播风险，保障人民群众身体健康和生命安全，根据《关于暂时关停海口市经营性密闭场所的通告》，我市决定继续关停KTV、棋牌室、电影院、剧院、网吧、书吧、歌厅、酒吧、剧本杀、密室逃脱、室内图书 ​,转发,评论,赞,2022-04-09
滨州文旅,19分钟前,搜狗高速浏览器,【,转发,评论,赞,2022-04-09
淮南公安在线,19分钟前,微博视频号,#皖警战疫#,转发,评论,1,2022-04-09
寻笳吟喜欢碎碎念,19分钟前,iPhone客户端,以后不再嫌弃人山人海，因为那样才是国泰民安。      这次疫情让我看到了人生百态。每个人做好力所能及的事情，与前方的战士并肩而行。,转发,评论,2,2022-04-09
月球上信号不好,19分钟前,小米11,一刀切切nmlgb走流程走nmlgb,转发,评论,1,2022-04-09
空灵系,19分钟前,上海抗疫求助超话,,1,4,5,2022-04-09
心平气和不发脾气,19分钟前,iPhone客户端,跟我们小区一样一样的。阳性的直接只通知到本人，全靠别人自觉了。阳性封控楼没人看管，随意进出，还一起下楼做核酸。看来上海从上层别有用心开始，到下层没文化的大爷大妈治理各个街道，都快把上海整完蛋了。外省市只能靠自己查严点，严防上海出来投毒的，自求多福吧,转发,评论,2,2022-04-09
hellooootime,19分钟前,iPhone 13 Pro Max,其实现在挺庆幸家人都生活在三四线城市的，没有小到基础设施不完善，身边围绕的都是可以鼎力相助的亲戚朋友。,转发,3,6,2022-04-09
绿色蒲江,19分钟前,360安全浏览器,#蒲江新闻#,转发,评论,赞,2022-04-09
,,,,,,,2022-04-09
打地基的小鲨鱼,19分钟前,iPhone 13,#上海将进行三区阶梯式管理#,转发,评论,15,2022-04-09
镇江发布,19分钟前,微博 weibo.com,【镇江召开疫情防控专题会议】4月8日上午，我市召开疫情防控专题会议，分析研判当前疫情防控形势，落实好驻镇高校疫情防控措施保障，筑牢校园疫情防控安全屏障。副市长殷敏出席会议并讲话。 ​,转发,评论,1,2022-04-09
南海发布,19分钟前,微博 weibo.com,#抗击新冠疫情 南海在行动#,转发,评论,赞,2022-04-09
雨后的小蚯蚓,19分钟前,小米11 Pro,论区块链技术在疫情中的新作用,转发,评论,赞,2022-04-09
无人知道我在这里,19分钟前,HUAWEI P30,#上海新增本土确诊1015例无症状22609例#,转发,1,9,2022-04-09
硬气小狗,19分钟前,,自疫情开始以来真的有点对我们学校改观，有牛奶有蛋有菜有肉有开到宿舍里的移动超市有发的自嗨锅当夜宵，怕学生无聊举办了数不清的线上活动，怕学生憋得慌还会包车送去学校放风两个小时，甚至真的会关注到少数群体的需求，在这个学校对精神病避之不及的时代提出可以帮忙买药…感觉已经赢过了所有学校。 ​,1,评论,赞,2022-04-09
三亚发布,20分钟前,微博 weibo.com,#三亚发布 私信我留电话#,3,4,5,2022-04-09
玫红色-蔷薇,20分钟前,德州同城超话,,转发,6,8,2022-04-09
赣州文文利,20分钟前,微博 weibo.com,战争、疫情、通胀、制裁、冻结、没收等一系列事件交织一起，似乎还没完没了，确实让人深感焦虑和慌恐，对资本市场的影响是肯定的，还不是一般的小，加上一大批公司高企的估值和外资内资的持续流出，似乎也看不到能推动市场持续性涨势的突破口。白酒吸金，巨额的资金仍醉在其中不舍离去，其实吧，除了茅 ​,转发,评论,赞,2022-04-09
不吃鱼yyyyyyyy,20分钟前,点评,#广州 疫情#,2,评论,8,2022-04-09
翻转东京在日本,21分钟前 转赞人数超过20,日本超话,#v光计划#,23,11,20,2022-04-09
讲逻辑做投资,20分钟前,HUAWEI Mate 40 Pro,政策举措要靠前发力、适时加力，已出台的要尽快落实到位，明确拟推出的尽量提前，同时研究准备新的预案,1,评论,2,2022-04-09
小鹿不能呼吸,20分钟前,微博国际版,信息被封锁，限流，求助贴被封号，但他们没有食物啊，生病的人在家奄奄一息，我真的不知道还有什么办法能帮到这些人，这些鲜活的生命！就算我人微言轻，但如果我有能力，我绝对不会放任不管别人死活，如果我有能力，我一定会去尽力让大家吃得到东西，可是，我却只是一个学生，我没有能力，我没有钱，没 ​,转发,2,赞,2022-04-09
广州交通电台,20分钟前,微博 weibo.com,【广州市发布第32号通告 白云区和越秀区部分区域设立封控管控区】广州市新型冠状病毒肺炎疫情防控指挥部发布第32号通告。根据疫情防控工作需要，决定自2022年4月9日起，对全市部分区域实施分级分类防控措施。现将具体事项通告如下：,2,评论,8,2022-04-09
辣评娱乐圈,20分钟前,微博视频号,#黄渤梅婷新剧剧组致歉#,369,363,693,2022-04-09
有无限热情,20分钟前,iPhone 11,某些上海人 能不能别乱跑了 我管你是收钱没收钱 是不是间谍  其他城市前几年疫情小爆发的时候也没有到处乱跑祸害全国吧  不知道哪个sb把广州九个区跑遍了,转发,4,8,2022-04-09
ZJY金,20分钟前,iPhone客户端,#广州 疫情#,转发,1,3,2022-04-09
新都资讯,20分钟前,微博视频号,【太有才！,转发,评论,赞,2022-04-09
新浪四川,21分钟前,微博极速版,【,3,6,12,2022-04-09
孔祥東XiangdongKong,21分钟前,iPhone 13 Pro Max(石墨色),第五次自我抗原檢測,转发,评论,2,2022-04-09
,,,,,,,2022-04-09
N视频,22分钟前 转赞人数超过1000,微博视频号,#广州 疫情#,36,93,1310,2022-04-09
小莉帮忙,21分钟前,小莉帮忙超话,#大象热线#,转发,评论,赞,2022-04-09
毛丹青,22分钟前 转赞人数超过10,iPhone 12 Pro Max,日推上的这图亮了。,3,5,26,2022-04-09
勤奋哥,23分钟前 转赞人数超过20,微博视频号,4月7日，上海宝山区月浦镇通过某公司为居民购买蔬菜“抗疫大礼包”，居民收到后却发现，蔬菜上贴有“抗疫捐赠物资”之类的标签！居民和网友严重质疑——有人将外地捐赠给上海的蔬菜等物资，暗地里拿来出售牟利？？？,9,4,25,2022-04-09
放不下心中那一份真情,22分钟前,搜狗高速浏览器,关于此次疫情   一阐提对上海人民的祸害的 补偿方案 讲一下   等这一波疫情过后  就是一阐提死后 还有 半个月的时间   每户将拿到 不低于1万元的生活补助  按户籍分配  外来户口每人1000元   抢到菜的 拿着交易记录 去社区报销 政府将按照 价格的两倍报销  并且每人可以拿到 500元的补助  没抢到菜的  ​,转发,评论,赞,2022-04-09
银川广播电视网,22分钟前,微博视频号,【社区疫情防控，银川有你真好！】,转发,评论,赞,2022-04-09
粤事情报站,25分钟前 转赞人数超过10,微博 weibo.com,【突然被通知隔离，需要准备些什么物品呢？这份清单请收好→】假如突然接到被隔离的通知，一时间不知道准备些什么物品？我们为大家整理了一份,6,评论,6,2022-04-09
新浪厦门,25分钟前 转赞人数超过10,微博视频号,【,8,6,12,2022-04-09
隔壁老王带你笑,25分钟前,iPhone客户端,疫情期间不好买菜，男子钓到大鱼后却选择放生：因为它肚子里有很多鱼籽。,转发,评论,赞,2022-04-09
未来网,25分钟前,,#安徽5000余医护人员4255吨物资驰援上海#,6,8,219,2022-04-09
阿发-穿线师,26分钟前,iPhone,魔都的疫情……,转发,1,赞,2022-04-09
姜来姜姜姜姜,27分钟前 转赞人数超过20,iPhone 12 Pro,《再见 最后的上海》,3,11,28,2022-04-09
杨柳青青林春增,28分钟前 转赞人数超过10,杨柳青青林春增超话,,4,评论,12,2022-04-09
小白杨要快乐呀,28分钟前,iPhone 12(白色),60块盲盒八斤到了 真心不错,转发,1,1,2022-04-09
南昌发布,28分钟前,微博 weibo.com,#疫情防控江西在行动#,转发,评论,赞,2022-04-09
北方新报,29分钟前,微博视频号,【如何正确保存蔬菜？这份指南请收好】疫情原因，不少市民居家隔离不能出门，开启了囤菜模式。叶子菜、根茎菜、果蔬菜、菌菇、调味菜，这五类菜该如何保存？这份指南请收好。,转发,评论,赞,2022-04-09
Hommie琢磨,30分钟前 转赞人数超过100,iPhone客户端,#无锡106#,12,22,275,2022-04-09
宝贝予甜,30分钟前 转赞人数超过100,日常超话,Aᴘʀɪʟ.9,转发,20,144,2022-04-09
北方新报,30分钟前,微博视频号,【,转发,评论,赞,2022-04-09
,,,,,,,2022-04-09
一碗荤豆花,31分钟前 转赞人数超过1400,,#江苏宿迁一学校123名师生感染新冠#,46,75,1818,2022-04-09
长春西门大官人,32分钟前 转赞人数超过100,微博视频号,疫情期间，男子下楼溜达，不听支援民警劝阻，楼上居民看不下去了…,9,71,112,2022-04-09
福州火车站,31分钟前,微博视频号,【瞰见｜“吉林一号”卫星带你“云踏春”】因为疫情的原因我们未能畅快拥抱春天，但我们可以从卫星视角领略春色之美，“吉林一号”卫星从太空传回了一组祖国大地春日景色的卫星影像，跟随“吉林一号”“云踏春”。（视频来源：新华社）,转发,评论,赞,2022-04-09
界面新闻,32分钟前,微博 weibo.com,【上海将依据风险程度大小，按照三区划分原则阶梯式管理】为有效遏制疫情扩散蔓延，尽快实现社会面动态清零的目标，上海根据国家新冠疫情社区防控的有关规定，结合之前多轮筛查的情况，拟再开展一次全员核酸检测，根据检测结果分析研判，实施分区分级差异化防控，依据风险程度的大小，按照三区划分原则 ​,转发,1,4,2022-04-09
忍者冬眠,33分钟前 转赞人数超过10,iPhone客户端,我们的领居情绪是激动了，可是我们沟通一周未果。楼里不消毒，身着防护服的不进楼，反而三番两次让我们居民下楼使用电梯相互感染，提出方法不实用，不接电话或者挂断电话，我们真的没有办法了！,11,8,11,2022-04-09
济南时报,32分钟前,微博 weibo.com,【,转发,评论,3,2022-04-09
深圳商报,34分钟前,微博 weibo.com,【“战疫”平常心 发现一起就扑灭一起！| 速观察】周六早上，深圳发布每日疫情通报，4月8日0-24时，深圳新增1例新冠肺炎确诊病例，在社区筛查中发现。,转发,评论,赞,2022-04-09
蔡雅奇刑法,35分钟前 转赞人数超过100,微博国际版,省会城市基层法院法官助理投稿。,1,37,130,2022-04-09
三坊七巷官博,35分钟前,新版微博 weibo.com,【坊巷·花事| 人间四月芳菲尽，最美不过“四月雪”】坊巷内百年的流苏王，静静飘雪在四月的季节里。延伸苍穹的枝干，虬龙一般，蜿蜒在白墙灰瓦之上的远方。“一年春景莫错过，最是花开好看时。”拥抱春天，在三坊七巷收获一场心随花动。愿疫情终时，春光正好，花开正盛。,转发,评论,赞,2022-04-09
辽宁消防,35分钟前,微博视频号,#长春新增本土确诊150例#,1,4,5,2022-04-09
我苏特稿,37分钟前 转赞人数超过60,微博 weibo.com,【苏州市疫情防控2022年第93号通告】,9,26,77,2022-04-09
娱乐牛小妹,36分钟前,,大S的老公具俊晔又失业了！,135,23,39,2022-04-09
张浩昕,37分钟前 转赞人数超过4200,iPhone 12 Pro,晚上好 再晚就要早上了 还是晚上好吧,29,318,4420,2022-04-09
成都地铁运营,37分钟前,微博视频号,#成都生活#,转发,6,7,2022-04-09
天后收集员,38分钟前,张惠妹超话,【张惠妹演唱会】Day6 她得的金曲奖比我还多💥,转发,5,4,2022-04-09
经济观察报,38分钟前,,【,转发,5,2,2022-04-09
斗西,39分钟前 转赞人数超过30,iPhone 13 Pro Max,疫情爆发后，我妈三天两头给我电话，而我每天顾着抢菜和确保同事生活工作正常运转，有时没空回她，经常不耐烦的挂断电话。,1,18,61,2022-04-09
安徽发布,38分钟前,微博 weibo.com,#温馨提示#,转发,评论,赞,2022-04-09
青岛市文化和旅游局,38分钟前,新版微博 weibo.com,#青旅漫游 放肆生活#,1,评论,2,2022-04-09
,,,,,,,2022-04-09
嘉兴咖啡爸爸,38分钟前,微博 weibo.com,#嘉兴身边事#,1,5,4,2022-04-09
遇见福州,38分钟前,微博视频号,#小福分享#,转发,评论,1,2022-04-09
长沙警事,39分钟前,360安全浏览器,【,转发,评论,赞,2022-04-09
王语兮兮,39分钟前,王语兮兮超话,二战考研机械专硕调剂，好迷茫，转材料可以吗？有经验的大佬能不能指点一下,1,7,2,2022-04-09
一只淖尔猫,39分钟前,iPhone 11,是春也是夏🌿,转发,1,5,2022-04-09
柳州公安,40分钟前,微博视频号,【他们为“准妈妈”们护航】近日，浦东公安分局接连接到群众求助，孕妇临盆、羊水破裂......对此，浦东警方全力以赴，警医联动，开辟绿色通道，为这些“准妈妈们”保驾护航。,1,1,2,2022-04-09
鼎盛飞豹,42分钟前 转赞人数超过10,华为Mate40保时捷设计,三月全国主要发生疫情地区状况 ​,12,8,33,2022-04-09
山西共青团,41分钟前,,#山西疫情#,转发,1,1,2022-04-09
河北新闻哥,42分钟前 转赞人数超过800,iPhone 12 Pro Max,#4月8日河北新增本土确诊2例#,19,19,1390,2022-04-09
为有书香来,41分钟前,HUAWEI Mate 20,#长春新增本土确诊150例#,1,评论,6,2022-04-09
小偶可,43分钟前 转赞人数超过10,实习律师超话,,转发,评论,14,2022-04-09
东方网,44分钟前 转赞人数超过300,微博视频号,【直播回放 | 上海市新冠肺炎疫情防控新闻发布会】今天（4月9日）10:00，上海举行新冠肺炎疫情防控工作新闻发布会（第148场），邀请上海市副市长、市疫情防控工作领导小组副组长宗明，市卫生健康委主任邬惊雷，市商务委主任顾军，介绍上海疫情防控最新情况，一起关注！,16,82,370,2022-04-09
勤奋哥,44分钟前 转赞人数超过20,,举国援助之前，,9,8,32,2022-04-09
烧伤超人阿宝,47分钟前 转赞人数超过100,华为Mate30保时捷设计,上海新增感染中，未管控群体中发现的感染者始终处在高位不见回落。,28,92,378,2022-04-09
并不软的软喵子,48分钟前 转赞人数超过4000,iPhone客户端,我真的觉得情绪稳定的人很牛逼，其牛逼程度不比会赚钱的差。,377,378,4398,2022-04-09
南宁消防,51分钟前,南宁消防超话,【蓝姐姐抗疫手势舞】一起来和,转发,2,6,2022-04-09
意难平bot--,52分钟前 转赞人数超过80,🍓iPhone客户端,#和意难平的故事#,转发,17,84,2022-04-09
踏雪寻梅画卿颜,52分钟前 转赞人数超过1万,小米10,#华东师大回应为留学生过生日#,687,787,11226,2022-04-09
陈龙,53分钟前 转赞人数超过8100,iPhone 12 Pro Max,昨晚睡前又看了眼孩子写给我的纸条，谢谢！爸爸不是医生没有救死扶伤的本事，更没有保护上海的能力，但爸爸想你们知道人与人之间是需要团结互助的，有很多叔叔阿姨和爸爸一样心甘情愿的为社区为这座城市出一份力！让上海生病的是病毒🦠而不是被病毒感染的人和动物，他们是这次疫情的受害者是最需要医 ​,601,1211,8236,2022-04-09
宅数码Kael,56分钟前 转赞人数超过30,真我GT Neo3,#上海新增本土确诊824例无症状20398例#,7,25,33,2022-04-09
,,,,,,,2022-04-09
搁浅七里,57分钟前 转赞人数超过10,iPhone X,看邻居打牌（疫情版） ​,转发,6,12,2022-04-09
最后一支多巴胺,56分钟前,微博 weibo.com,现在有停尸间的医院不多，基本上都是直接拉入殡仪馆。疫情之前，也还存在拉回家办丧事的情况。现在，基本上没有了。 ​,转发,3,4,2022-04-09
小美doris,57分钟前,微博视频号,疫情下的阳朔人少的有点心疼 希望赶快恢复原状,转发,4,6,2022-04-09
钱报_嘉兴,58分钟前,iPhone客户端,#管窥上海#,转发,评论,赞,2022-04-09
清风中原,58分钟前,微博 weibo.com,#清风资讯#,1,2,赞,2022-04-09
南昌发布,58分钟前,微博 weibo.com,#南昌全力抗击疫情#,转发,评论,2,2022-04-09
新寓-NewAptism,59分钟前,iPhone客户端,春芳争艳丨青岛超美的赏花攻略来了🌸,转发,评论,赞,2022-04-09
SN集团名誉董事长的儿媳妇,今天 10:08 转赞人数超过10,iPhone客户端,疫情封闭期间，有钱人在高档小区阳台因为无聊开音乐会还注明了dress code，穷人嚒抢不到菜快饿死了… ​,2,评论,12,2022-04-09
老年少女蔡大喵,今天 10:08 转赞人数超过90,三星Galaxy S10+,我难受的睡不着觉，工作公司倒了，没有赔偿。疫情封控没有收入，房租马上又要交了。吃饭天天都要记算着能不能等到解封，不想买高价菜，玩不起。这世上的资源都是往不缺他的人身上跑的。真TM晦气的2022,5,39,113,2022-04-09
浦东男小歪,今天10:02,iPhone 6 Plus,看了一下疫情地图,转发,1,4,2022-04-09
长春门咖,今天10:02,👁👁iPhone XR,#长春爆料#,转发,12,13,2022-04-09
秦州融媒,今天 10:02 转赞人数超过30,微博视频号,#疫情防控 甘肃在行动#,16,31,31,2022-04-09
济南市文化和旅游局,今天10:01,,,转发,评论,8,2022-04-09
秦州融媒,今天 10:01 转赞人数超过30,微博视频号,#疫情防控 甘肃在行动#,14,29,29,2022-04-09
广州交通,今天10:01,荣耀10 AI变色更潮美,#广州交通快讯#,4,评论,1,2022-04-09
等到冬至了,今天 09:24 转赞人数超过10,真我GT Neo3,我想看到没有疫情的世界 ​,转发,评论,11,2022-04-09
胜利主义章北海,今天 09:24 转赞人数超过2万,,#华东师大回应为留学生过生日#,278,1294,22011,2022-04-09
S宋姗姗S,今天09:24,iPhone客户端,也不知道封城第几天了,转发,2,6,2022-04-09
雪蝶小兰鳄,今天09:23,U先试用超话,,转发,5,8,2022-04-09
,,,,,,,2022-04-09
中国反邪教,今天 09:14 转赞人数超过60,无邪君的Android,六大银行独家回应：满足条件客户，可申请房贷延期还款政策。（央视新闻）,31,16,73,2022-04-09
淋淋七_,今天 09:13 转赞人数超过10,,疫情到底什么时候才能过去,转发,6,11,2022-04-09
昂仔大连疯跑,今天09:07,iPhone客户端,#新星v计划#,转发,评论,1,2022-04-09
暗星之岛DSI,今天 09:06 转赞人数超过40,,更新几张阳光下的,2,23,59,2022-04-09
用户7490035733,今天 09:04 转赞人数超过30,HUAWEI P40 Pro 5G,#同济大学疫情#,2,评论,38,2022-04-09
小小美琪酱,今天 09:03 转赞人数超过800,肉丸在啃iPhone 13 Pro Max,#上海疫情#,56,105,1222,2022-04-09
哈尔滨铁路,今天09:00,新版微博 weibo.com,#在路上看中国#,转发,评论,1,2022-04-09
吃瓜大当家,今天08:58,,近日，有媒体爆料黄渤和梅婷在深圳某小区拍戏，部分业主担心会增加疫情防控风险，于是报警要求剧组暂停拍摄工作，撤出小区。,109,评论,165,2022-04-09
做一辈子的农糖,今天 08:56 转赞人数超过40,陈立农超话,,1,29,47,2022-04-09
我是阿瓜吖,今天 08:54 转赞人数超过30,万万的iPhone客户端,我就想问一句，因为疫情被隔离在家上网课，她对象教高三上个周开学回学校了，目前家里剩她和孩子。她说要照顾孩子不能上网课也没法做课件，意思就是接下来的时间在家全职看孩子，我觉得简直不可理喻，是我太无情了吗？,转发,65,34,2022-04-09
半月谈,今天 08:54 转赞人数超过10,微博 weibo.com,#关注上海疫情#,1,2,11,2022-04-09
一兔我饮酒醉,今天 08:53 转赞人数超过40,种花家的兔子们超话,#上海新增本土确诊1015例无症状22609例#,2,17,54,2022-04-09
李苦舟,今天 08:53 转赞人数超过10,Android,《新冠疫情封城之我有一个农场空间》 ​,3,3,7,2022-04-09
双流发布,今天 08:50 转赞人数超过10,双流发布超话,【四川乐山犍为县3人涉嫌妨害传染病防治罪被依法立案侦查】经调查：3月27日，黄某某与莫某某（男，42岁）、余某某（男，42岁）从上海经成都回犍后，未遵守疫情防控的相关规定，违规组织聚集聚餐，多次外出购物，造成疫情传播的严重危险，影响恶劣。根据《中华人民共和国刑法》第三百三十条之规定，莫某 ​,10,10,19,2022-04-09
施糊糊,今天 08:49 转赞人数超过20,一群养鹅的超话,,转发,10,21,2022-04-09
三秦船长,今天08:47,HarmonyOS设备,#最近突然就想通了#,转发,评论,2,2022-04-09
shireenyy,今天08:47,nova5Pro人像超级夜景,今天早餐断粮了真的很难过,转发,5,4,2022-04-09
广州日报,今天 08:47 转赞人数超过70,微博 weibo.com,【自4月7日起，广州番禺区钟村街部分区域采取临时管控措施】根据疫情防控工作需要，广州市番禺区新型冠状病毒肺炎疫情防控指挥部决定自2022年4月7日起对番禺区钟村街部分区域采取临时管控措施。现将具体事项通告如下：,23,27,57,2022-04-09
淮南发布,今天08:43,iPhone客户端,#淮南发布#,3,6,21,2022-04-09
潘潘猫,今天 08:38 转赞人数超过600,iPhone 12 Pro,能顺利观看这场演出，真是开心啊。散场后我排队买了《只此青绿》的周边纪念品，准备送给支持我的你们。希望，你安好，我无恙，愿疫情早日散去，人人的行程码,7,54,631,2022-04-09
,,,,,,,2022-04-09
王敬刮痧,今天 08:29 转赞人数超过20,微博视频号,【,6,16,44,2022-04-09
剧综学姐,今天08:27,,具俊晔，“搭”上大S的第一波好处，宣告失利！,132,评论,227,2022-04-09
晋江新闻网,今天08:24,微博 weibo.com,#晋江人一起战“疫”#,转发,评论,赞,2022-04-09
是李小六啊lxl,今天 08:21 转赞人数超过10,濛咩cp超话,,转发,6,21,2022-04-09
荆门市东宝区人民检察院,今天 08:21 转赞人数超过20,微博视频号,#普法课堂#,1,38,24,2022-04-09
Yoki_趙萌萌,今天 08:19 转赞人数超过10,iPhone 12 Pro Max,在暮春的一个下午,2,13,10,2022-04-09
红皮胖子小铲,今天 08:19 转赞人数超过2400,iPhone 13 Pro,最近形势依旧不是很好，虽然我自己囤货充足，但为了应对未来不确定性，一天只吃1-1.5顿，不饿不吃。,38,490,2760,2022-04-09
车轮上的世界,今天08:14,微博视频号,恐怖荒原 II 。这里是人类的禁区，平均海拔5000米以上，没有铺装公路，冰雪铺满苍茫大地！符智老湿辛苦勘探、已经妥妥准备上手的极境中国极限之旅，被讨厌的疫情搁置了下来，提前预告和回味一下恐怖而有趣有料的荒原之旅，很刺激！,1,评论,4,2022-04-09
·秘密龟园·,今天 08:10 转赞人数超过30,微博视频号,疫情快点结束吧 想出去玩了🌷,转发,25,44,2022-04-09
智慧皮卡丘,今天 08:09 转赞人数超过70,智慧皮卡丘超话,,3,13,85,2022-04-09
YIBO-或许楠木,今天08:08,微博视频号,等疫情结束了,5,35,21,2022-04-09
粗大的铅笔,今天 08:00 转赞人数超过20,HUAWEI nova 3i,#太原疫情#,转发,40,31,2022-04-09
中国石化胜利油田,今天 07:57 转赞人数超过10,新版微博 weibo.com,#多彩油城#,22,5,14,2022-04-09
从明天起晒晒太阳,今天 07:56 转赞人数超过20,HUAWEI P40 Pro 5G,#黄渤梅婷小区拍戏遭业主驱赶#,转发,1,30,2022-04-09
Toxicant_D,今天 07:46 转赞人数超过10,iPhone客户端,建议今晚去抢菜的明天自觉隔离在家，这种密集性的万一中枪后果不堪设想,转发,14,13,2022-04-09
fangfangfly,今天07:45,iPhone客户端,#靠旅行回忆撑着的被疫情偷走的时光#,转发,评论,1,2022-04-09
鍋盖頭司令,今天 07:44 转赞人数超过600,HUAWEI Mate X2,看了一篇关于上海抗击疫情的文章，是一位超市店长的自述，他和100多名店员在超市打地铺，为上海的朋友提供各种各样的物资，连续32天……,69,201,680,2022-04-09
官姥爷爱旅行,今天07:44,新版微博 weibo.com,春来四月，百花盛开，时逢疫情抬头，不能远行，就把身边的景色拍下来，分享给远方的亲人们，尤其是草未绿花还没开的东北，把春天带回家。,转发,评论,赞,2022-04-09
秘密小熊基地,今天 07:41 转赞人数超过10,真我GT Neo2,救,转发,8,15,2022-04-09
鹤慕x,今天 07:39 转赞人数超过10,白敬亭的白鸽,总结：疫情这三年我什么都没做成,转发,16,29,2022-04-09
,,,,,,,2022-04-09
橙子面面,今天 07:30 转赞人数超过20,HUAWEI P40 5G,#无锡疫情#,转发,6,32,2022-04-09
高兴开心的爸爸,今天 07:30 转赞人数超过10,小米10,#无锡疫情#,转发,11,18,2022-04-09
卖皮草的CC,今天 07:28 转赞人数超过40,iPhone 13 Pro Max,好不容易调整心态 4月想回归工作的,转发,57,50,2022-04-09
一只企鹅的忧伤,今天 07:12 转赞人数超过20,批发大户的iPhone客户端,远亲表弟被派跟合作公司对接，结果发现对方对接工作的负责人是表弟学生时期的死对头,转发,6,31,2022-04-09
阿末儿_ies,今天 07:03 转赞人数超过30,iPhone客户端,#无锡疫情#,转发,6,39,2022-04-09
松鼠2坚果,今天 06:59 转赞人数超过20,nova8 我由我掌镜,#肖战工作室转让商标#,转发,评论,29,2022-04-09
时乐_shile,今天 06:50 转赞人数超过50,微博视频号,#上海#,6,21,65,2022-04-09
反黑绿组阿Sir,今天 06:35 转赞人数超过2200,iPhone 11,#上海新增本土确诊824例无症状20398例#,284,187,2264,2022-04-09
熊以巴短,今天 06:34 转赞人数超过10,iPhone客户端,所以达康书记真的只存在于电视剧里，人民的名义，廊坊不配有,转发,4,23,2022-04-09
中国新闻周刊,今天 06:27 转赞人数超过70,微博视频号,【吉林省：,12,15,76,2022-04-09
令狐有根葱,今天06:21,中国智造Android,#江西援沪医护人员的抗疫日记#,4,3,3,2022-04-09
娱儿园一姐,今天06:10,,#黄渤梅婷小区拍戏遭业主驱赶#,155,评论,367,2022-04-09
环球时报,今天 06:07 转赞人数超过300,新版微博 weibo.com,【,10,38,451,2022-04-09
巴比松ML,今天 05:54 转赞人数超过100,微博视频号,继疯县那事之后，我基本不发涉及国内的消息了……但为了这位于上海，四个月孩子的母亲，我要破例发一次，呼吁有关部们关注！帮帮他们！！,71,40,153,2022-04-09
JINGYUN-3-,今天 05:33 转赞人数超过10,仙女的iPhone 12,跟我的朋友从地下车库见面，骑着电驴，公放《New boy》一路到医院，往好处想，大家一起打地铺群居的日子疫情过后应该不会再有，我也希望不会再有，晚安😴,转发,5,16,2022-04-09
Torrr有鲤,今天 05:12 转赞人数超过30,nova7你在焦点在,全国人民可以都来欣赏下无锡疫情的106号通告了。不是正常人可以想出来的。想骂已经骂不动了的那种。 ​,转发,12,39,2022-04-09
986路上好朋友,今天 03:24 转赞人数超过50,iPhone 13 Pro,【关于延期举行辽宁省2022年上半年 全国高等教育自学考试的公告】,2,23,53,2022-04-09
肖鹏0726,今天 03:17 转赞人数超过30,iPhone客户端,#上海疫情#,4,4,38,2022-04-09
刘洪仁-爸爸的育儿思考,今天 03:13 转赞人数超过40,iPhone 12 Pro Max,#上海疫情#,3,18,44,2022-04-09
,,,,,,,2022-04-09
无水印表情包bot,今天 02:54 转赞人数超过30,无水印表情包原图超话,【沙雕表情包】（礼貌拿图,1,7,39,2022-04-09
Eliaukipp,今天 02:54 转赞人数超过10,iPhone 13 Pro,希望疫情赶快过去 好想和姐妹们在美美的春天见面,转发,2,13,2022-04-09
新浪科技,今天 02:40 转赞人数超过400,微博 weibo.com,【,161,226,954,2022-04-09
-四分三十三秒-,今天 02:07 转赞人数超过100,,希望疫情早日结束。🙏 ​,4,21,187,2022-04-09
沪佃真人,今天 01:54 转赞人数超过10,华为Mate30E Pro 5G,#九亭疫情#,转发,16,23,2022-04-09
_hangggg,今天 01:34 转赞人数超过300,iPhone 12 Pro Max,爱意东升西落，浪漫至死不渝✨✨,3,56,351,2022-04-09
桃桃鹿s,今天01:29,,前年夏天的时候去过一次重庆。,转发,评论,赞,2022-04-09
SuckerForYa,今天 01:26 转赞人数超过10,,经历过这次疫情完完全全见证到了猫狗是如何一步一步被驯化成宠物的 ​,2,评论,11,2022-04-09
张小小-L,今天 01:24 转赞人数超过100,HUAWEI Mate 20 Pro,#上海4月9日全市开展抗原检测#,4,30,252,2022-04-09
michikoFL_是风铃,今天01:15,マンチカンiPhone 13 Pro,有一些北京人是这样的！,1,2,赞,2022-04-09
黑龙江日报,今天 01:07 转赞人数超过10,荣耀V40轻奢版,【本土新增1+5！黑龙江省最新疫情通报】,3,6,10,2022-04-09
金玉菠萝生椰乳,今天 01:06 转赞人数超过10,iPhone客户端,#无锡疫情#,转发,1,19,2022-04-09
蓝蓝蓝莓果儿,今天 01:05 转赞人数超过20,HUAWEI P30,#无锡疫情#,2,5,26,2022-04-09
芋圆盐盐,今天 01:00 转赞人数超过10,iPhone客户端,“是我的氟西汀”,转发,6,20,2022-04-09
缩在时光机里数羊,今天 00:58 转赞人数超过10,发疯中的iPhone 11,【现充一下】,转发,8,19,2022-04-09
半月谈,今天 00:50 转赞人数超过300,,【上海市网信办：关于进一步查处网络圈群造谣行为的公告】,14,67,352,2022-04-09
每益天都有你,今天 00:44 转赞人数超过10,iPhone客户端,居家隔离第五天,转发,11,19,2022-04-09
秘密小熊基地,今天 00:43 转赞人数超过20,真我GT Neo2,#南师大疫情#,转发,11,27,2022-04-09
偶然小小努力,今天 00:43 转赞人数超过10,OPPO A93 5G,#无锡疫情#,转发,17,21,2022-04-09
VVVV587,今天 00:42 转赞人数超过10,iPhone客户端,#九亭疫情#,转发,4,16,2022-04-09
,,,,,,,2022-04-09
罗小卫,今天 00:36 转赞人数超过10,微博视频号,【上海一小区核酸现场发包菜：居民人手一颗】,12,13,43,2022-04-09
不是__山谷,今天 00:30 转赞人数超过20,iPhone 11,#九亭疫情#,转发,10,32,2022-04-09
阿司匹林是你嘛,今天 00:28 转赞人数超过30,小米11 青春版,#无锡疫情#,转发,1,39,2022-04-09
Icequit冰块逃逸,今天 00:25 转赞人数超过10,山寨iPhone XR,#恋与市的日常#,转发,4,18,2022-04-09
美术生2B青年,今天 00:24 转赞人数超过10,微博 weibo.com,疫情好了，想去露营 ​,1,9,20,2022-04-09
牙齿矫正徐巍娜医生,今天 00:20 转赞人数超过10,微博视频号,疫情硬通货“土豆”实在吃腻了！,6,1,6,2022-04-09
tekilor1198,今天 00:18 转赞人数超过30,HUAWEI Mate 20,#合肥疫情#,1,5,38,2022-04-09
谢幕去纽约,今天 00:15 转赞人数超过20,iPhone客户端,#奥密克戎病亡率和流感相似是严重误导#,1,4,27,2022-04-09
悠了个喵,今天 00:06 转赞人数超过20,iPhone客户端,小户型不配吃菜吗？？,转发,5,36,2022-04-09
馨彤Y,今天 00:01 转赞人数超过20,OPPO Reno5 5G,#上海4月9日全市开展抗原检测#,转发,评论,33,2022-04-09
WanIrenemo,04月08日 23:59 转赞人数超过20,nova7你在焦点在,#刘恺威的行走日记#,转发,评论,26,2022-04-09
鱼总-A4TYPHOON,04月08日 23:58 转赞人数超过100,微博 weibo.com,群里好几个上海的朋友说，这疫情过去了要立马跑去吃火锅。,3,42,148,2022-04-09
新浪新闻,04月08日 23:57 转赞人数超过200,微博视频号,【,13,36,285,2022-04-09
Y蹦哒蹦哒哒哒哒,04月08日 23:57,荣耀20 PRO,啥时候能没有疫情捏,转发,4,8,2022-04-09
牛山大稻,04月08日 23:55 转赞人数超过20,微博国际版,每日一问，这该死的疫情什么时候能过去，好🐔儿烦啊 ​,转发,39,40,2022-04-09
冯木木LRIS,04月08日 23:54 转赞人数超过20,冯木木超话,疫情期间喝喝茶了只能,1,2,27,2022-04-09
紫菜海苔卷薯条,04月08日 23:51,iPhone客户端,说点什么呢,转发,2,6,2022-04-09
葫葫就是小葫葫呀,04月08日 23:50,iPhone客户端,#南通疫情#,转发,18,19,2022-04-09
是快乐小锅了,04月08日 23:50 转赞人数超过10,iPhone客户端,#无锡疫情#,转发,评论,19,2022-04-09
danlanqiqi,04月08日 23:47,微博 weibo.com,#OH小铺#,2,3,9,2022-04-09
,,,,,,,2022-04-09
NonG_-DaToU,04月08日 23:43 转赞人数超过10,iPhone 12 Pro Max,近来吃好 睡好 身体好,转发,9,18,2022-04-09
I慕容德音,04月08日 23:43 转赞人数超过10,HarmonyOS设备,#上海回应外区买到宝山月浦镇抗疫物资#,转发,评论,21,2022-04-09
没毛铁老病,04月08日 23:42 转赞人数超过10,OPPO A72 5G,#潍坊开学#,转发,1,29,2022-04-09
新闻一加一,04月08日 23:42,微博视频号,#五大行回应疫情不能按时还房贷问题#,转发,1,4,2022-04-09
米菲小丸子,04月08日 23:42 转赞人数超过10,iPhone客户端,#无锡疫情#,转发,评论,17,2022-04-09
savoysteam,04月08日 23:42,iPhone客户端,最近越来越多朋友让我“回国前抓紧时间玩”。今天玩滑索的时候被喊摘口罩（怕被器械挂住），工作人员也没戴口罩，我滑下去前还对我喊了声enjoy，大家都笑得特别开心，恍惚间仿佛回到了疫情前。 ​,转发,评论,9,2022-04-09
小y爱小祝,04月08日 23:39,iPhone客户端,- “把春天装进口罩里🍃”,转发,3,8,2022-04-09
AaVvLIN娜,04月08日 23:38,快乐星球永久居民,下次再遇到喜欢的人，千万要记得提醒自己，只做朋友，只谈笑风生，不可以动情，不远不近的欣赏，淡淡的喜欢。,1,5,7,2022-04-09
从前的日光,04月08日 23:36 转赞人数超过10,荣耀30 5G,#无锡疫情#,1,4,18,2022-04-09
厄里斯魔镜中的我自己,04月08日 23:34,微博视频号,都说疫情偷走了青春,转发,1,5,2022-04-09
上海市场监管,04月08日 23:32 转赞人数超过50,微博 weibo.com,【上海昨天新增无症状感染者近1.7万 怎样科学理解这个数字？】当前，上海疫情防控正处在关键期，全市新增感染者数量仍处于高位。上海市昨天（6号）公布的新增无症状感染者近1.7万，数字又创了新高。,76,10,10,2022-04-09
也三窟,04月08日 23:27,iPhone客户端,公司今天开线上茶话会，本意是为了缓解大家疫情中的压力，聊完之后我心脏疼，肺泡炸，因为几位同事建议大家少看新闻——“新闻都是坏的都是假的，都会被辟谣，还是要正能量一点”。正能量你妈逼，我大学恨这词现在也恨，我觉得你们这些破铜烂铁的心理健康一文不值，我的也一样，有多少恶我就要看多少恶 ​,转发,评论,6,2022-04-09
Judy是居居鸦,04月08日 23:26,vivo X60 蔡司影像,这两天算是人生中十分奇幻的两天，第一次感觉离疫情那么近，但真的觉得通大真好啊。从大一我就一直这样觉得，所以研究生依然留在了通大。我觉得学校真的很人性化，我也很喜欢我们学校的后勤。这次疫情，学校真的速度很快了，各种转运隔离，老师送餐，医务人员上门核酸，所有人都在努力，而我能做的好像 ​,转发,3,4,2022-04-09
液态废墟,04月08日 23:25 转赞人数超过10,iPhone客户端,#无锡疫情#,1,2,15,2022-04-09
月见黑黑黑黑黑的阿晴,04月08日 23:24 转赞人数超过40,微博国际版,很烦拿疫情写那些感动自己的文字，都是抖m吗这么喜欢痛苦？,转发,37,48,2022-04-09
熊猫团子kj,04月08日 23:23 转赞人数超过10,陈正catgod超话,,转发,4,22,2022-04-09
零糖夹芯-,04月08日 23:19,iPhone客户端,最喜欢三四点钟下班回家坐不挤不吵的公交车，天气好的时候 心情也好 偶尔自己做做饭也很治愈,转发,6,8,2022-04-09
美景小屋,04月08日 23:13,nova5 人像超级夜景,我渴望什么，渴望拿着相机去没有去过的地方，拍下心心念念的人和景，但相机本身是没有感情的，只是拿着的人拍得久了，也就有了感情，我带它去过沙漠，看过海，坐过飞机，穿过地铁，见过都市霓虹，拍过小巷烟火…它也有缺点，只是时间都抹去了彼此的棱角，学会了彼此包容，疫情当下，我们时而焦虑，相机 ​,转发,评论,4,2022-04-09
,,,,,,,2022-04-09
正义南康,04月08日 23:08 转赞人数超过20,微博视频号,【,5,9,29,2022-04-09
123胖猫123,04月08日 23:05,iPhone客户端,收官之作：,1,10,4,2022-04-09
臭情侣再秀我就in汀崽,04月08日 23:02,iPhone客户端,#哈尔滨疫情#,转发,20,23,2022-04-09
向日葵fans,04月08日 22:58,iPhone客户端,26岁的第一天，变身大蓝现身高速路口,转发,2,2,2022-04-09
王沙骋,04月08日 22:57,王老师的咖啡超话,#女孩因论文压力欲轻生119和120联合营救#,2,2,14,2022-04-09
星扒娘,04月08日 22:49,nova7你在焦点在,#黄渤梅婷小区拍戏遭业主驱赶#,125,118,438,2022-04-09
曾華倩,04月08日 22:41 转赞人数超过100;,04月08日 18:48,因疫情関係，本身宅的我...更宅!~哈哈...但在這期間天馬行空想了很多方案工作，看否可以實現吧！同時大家要好好的保護自己和家人身边的朋友，做个不潻亂的人呀！希望疫情快離開，重过我們的正常生活呢！希望在明天~🙏❤💪❤ ​,12,39,209,2022-04-09
G先生与Z先生的日常,04月08日 22:34 转赞人数超过40,微博国际版,昨天晚上做了个梦,转发,10,50,2022-04-09
csgo马西西,04月08日 22:31 转赞人数超过1800,iPhone客户端,正如大家在转的，本次major版权b站独播，也不会分播，由于之前尝试过黑屏解说，音画同步问题很大，所以这次也不会这么操作，因为疫情及合约问题，当然也不存在去官方直播间解说的可能。那只能在这里和大家说声抱歉，有兴趣的朋友可以自行收看，但请不要带解说的节奏，出来混口饭吃都不容易。ps：虎牙在 ​,76,544,2088,2022-04-09
海南日报,04月08日 22:19 转赞人数超过20,微博 weibo.com,#三亚新闻#,3,26,25,2022-04-09
河吞蛋,04月08日 22:15 转赞人数超过100,iPhone 13 Pro,宠物不该沦为疫情的牺牲品。 ​,4,3,164,2022-04-09
搜狐新闻,04月08日 22:09 转赞人数超过2200,微博视频号,【,301,128,2357,2022-04-09
新浪福建,04月08日 22:07,微博视频号,【,转发,2,6,2022-04-09
柒月同学July,04月08日 21:59 转赞人数超过20,,翻相册看到去年和狗子出去玩儿的照片,转发,1,22,2022-04-09
小猪搞机,04月08日 21:55 转赞人数超过10,微博视频号,杭州四季青从业人员两天一次核酸，今年背这疫情搞的，做生意不容易！,1,6,10,2022-04-09
武汉校园达人,04月08日 21:53 转赞人数超过100,微博视频号,疫情之下，这个举措是刚需，可谓雪中送炭！,11,32,158,2022-04-09
中国青年报,04月08日 21:49 转赞人数超过20,微博 weibo.com,#全球携手战疫#,7,9,32,2022-04-09
台腻high,04月08日 21:41,微博视频号,#上海疫情#,1,评论,4,2022-04-09
江词婷,04月08日 21:31 转赞人数超过10,vivo 全新水滴屏手机,#福鼎疫情#,转发,1,14,2022-04-09
-四分三十三秒-,04月08日 21:18 转赞人数超过500,微博视频号,专门整理了一下解放军援沪医疗队驰援上海的画面，亲人解放军来啦！,71,68,626,2022-04-09
,,,,,,,2022-04-09
厦门卫视,04月08日 21:17 转赞人数超过10,HUAWEI Mate 40 Pro,【,1,1,26,2022-04-09
赵大款3,04月08日 21:15 转赞人数超过200,,也就个别的人干嚎几声，不会出现大面积的实质性反抗，这次疫情积累了经验，再下次就能以任何理由进行类似的静态管理，连上海这样的大小姐都忍下来了，你们还有谁忍不了？ ​,22,21,307,2022-04-09
河北日报,04月08日 21:10 转赞人数超过40,微博 weibo.com,【,5,10,50,2022-04-09
羊城晚报,04月08日 20:54 转赞人数超过60,微博 weibo.com,【佛山市民请注意！去过这个市场、坐过这路公交的，请立即报备！】4月8日，佛山市禅城区新型冠状病毒肺炎疫情防控指挥部办公室发布关于报备涉疫行程的通告。,11,13,56,2022-04-09
今日闵行,04月08日 20:46 转赞人数超过10,微博 weibo.com,【疫情不散，党员不退！这些党员志愿者挺身而出】疫情当前，党员志愿者挺身而出、冲锋陷阵，出现在核酸检测的志愿服务队伍中，出现在递送物资的“最后一公里”线路上，出现在“代配药”的往返奔波中，他们夜以继日、全力以赴，成为梅陇疫情防控中的先锋队。,28,3,8,2022-04-09
大河报,04月08日 20:20 转赞人数超过20,微博 weibo.com,【河南省再次降低新冠病毒检测价格】,转发,8,27,2022-04-09
半月谈,04月08日 20:17 转赞人数超过20,谈谈的iPhone 12,#关注吉林疫情#,6,6,39,2022-04-09
辽宁消防,04月08日 20:13 转赞人数超过10,HUAWEI P10,#一确诊病例曾到访北京昌平两家餐馆#,3,9,17,2022-04-09
光明日报,04月08日 20:12 转赞人数超过10,微博 weibo.com,#疫情阻击动态#,5,7,13,2022-04-09
原来是瑾哥哥吖,04月08日 19:42 转赞人数超过10,iPhone 12 Pro,第十年🔟不仅是他们,转发,4,11,2022-04-09
乌兰浩特政法,04月08日 19:25 转赞人数超过10,Android,【辛苦了！,10,8,8,2022-04-09
财新网,04月08日 19:22 转赞人数超过200,新版微博 weibo.com,【,15,38,462,2022-04-09
中国吉林网,04月08日 19:10,微博 weibo.com,#吉林疫情#,转发,评论,1,2022-04-09
触动心灵,04月08日 19:03 转赞人数超过3000,微博视频号,#疫情过后最想看谁跳舞#,5213,1048,1716,2022-04-09
山西晚报,04月08日 18:47 转赞人数超过300,,#太原市新增封控区、管控区的通告#,13,112,374,2022-04-09
猫扑,04月08日 18:46,微博视频号,【,2,3,8,2022-04-09
海南日报,04月08日 18:37 转赞人数超过40,微博 weibo.com,【均为阴性！海口龙华区、美兰区4月6日区域核酸检测已出结果95.97万份】4月7日下午，,4,9,43,2022-04-09
绍虞城事通,04月08日 18:35 转赞人数超过10,新版微博 weibo.com,【一起守“沪”！,6,1,18,2022-04-09
纪漫慢呀,04月08日 18:34 转赞人数超过70,,我想出去玩，去没去过的地方，好看的地方,转发,51,83,2022-04-09
,,,,,,,2022-04-09
经济观察报,04月08日 18:29,,#多家银行明确因疫情不能按时还贷可申请延期#,7,5,4,2022-04-09
反射弧超长星人影九,04月08日 18:28 转赞人数超过4000,步步高点读Android,粉丝求助：,1233,181,4244,2022-04-09
谁也别喊我出门,04月08日 18:18 转赞人数超过40,,#西安新增11例本土确诊病例#,1,76,63,2022-04-09
中国青年报,04月08日 18:17 转赞人数超过100,微博 weibo.com,【,27,28,235,2022-04-09
三亚日报,04月08日 18:16,360安全浏览器,#三亚头条新闻#,转发,评论,赞,2022-04-09
天津健康,04月08日 18:14 转赞人数超过20,政务直通车,【权威发布】截至4月7日24时天津市新型冠状病毒肺炎疫情最新情况 ​,7,6,19,2022-04-09
浙江之声,04月08日 18:13,iPhone客户端,【温州平阳一密接人员谎报行程被立案调查】近日，温州市平阳县萧江镇发现一例新冠肺炎阳性感染者。其间，密接人员王某以谎报行程等手段拒绝配合防疫工作，存在社会面传播风险，已被平阳县公安局依法立案调查。警方提醒：疫情防控，人人有责。请广大市民严格遵守防疫工作相关规定，积极配合防疫工作。对 ​,转发,2,赞,2022-04-09
津云,04月08日 18:13,微博 weibo.com,#天津迎战奥密克戎#,转发,1,2,2022-04-09
广东台触电新闻,04月08日 18:11 转赞人数超过20,微博 weibo.com,【佛山南海区西樵镇对部分区域进行临时管控，南庄开展第三轮大规模核酸检测】根据疫情防控工作需要，南海区新型冠状病毒肺炎疫情防控指挥部决定自2022年4月8日起，对西樵镇部分区域采取临时管控措施。现将具体事项通告如下：,5,3,22,2022-04-09
晨飒-飞扬,04月08日 17:53 转赞人数超过200,微博 weibo.com,这么说吧，上海疫情加上俄乌战争，国内的舆论场上出现了一些分裂争吵的现象，美国一看，哈哈，看起来中国人也不是那么团结嘛，趁你病要你命可也。,26,65,283,2022-04-09
肥喵尾巴,04月08日 17:48 转赞人数超过200,云养猫超话,#宠物不该沦为疫情的牺牲品#,25,45,282,2022-04-09
呼和浩特新闻网,04月08日 17:44 转赞人数超过30,iPhone 12,【最新！,7,9,33,2022-04-09
京城林三爷,04月08日 17:12 转赞人数超过30,林三爷的iPhone XS Max,#上海新增本土确诊824例无症状20398例#,9,16,59,2022-04-09
河北日报,04月08日 17:07 转赞人数超过700,微博 weibo.com,【,8,228,1003,2022-04-09
河北日报,04月08日 17:02 转赞人数超过60,微博视频号,【“开盲盒”啦！,5,19,78,2022-04-09
老龍亭拉麵店,04月08日 16:58 转赞人数超过10,HUAWEI Mate30 Pro 5G,我这几天开不了，店附近闹疫情，差不多要到15号去了。推荐大家一家拉面新店，在南门，叫拉面瀧也，在南门高新区。看起来不错的拉面新店，大家如果有空也可以去尝尝。成都越来越多不同风味的拉面店，也是好的方向。推荐一波。(我店15号开了以后，可能还是要卖几天拌面) ​,2,5,14,2022-04-09
日渐白,04月08日 16:47 转赞人数超过20,iPhone客户端,事发这么多天，现在实际情况（我所在宿舍楼）是薯片牛奶靠抽奖（一层楼十几个宿舍抽个位数的奶，平均一人一口都不到，薯片也是抽几包），卫生产品发了，泡面也是丑的。作为老非酋，这些抽奖得相当于没发。根本不像男生宿舍里那样每个人都能吃到，我连摸都摸不到。要是啥都不发，可以，但有的宿舍发有的 ​,2,11,40,2022-04-09
蒲树远,04月08日 16:36 转赞人数超过10,植物超话,,转发,15,16,2022-04-09
陕视新闻,04月08日 16:35 转赞人数超过200,微博视频号,【,8,41,329,2022-04-09
双胞胎伊莲,04月08日 16:31,微博视频号,#疫情结束就一起去旅游吧#,转发,评论,5,2022-04-09
,,,,,,,2022-04-09
南阳政法,04月08日 16:28 转赞人数超过10,微博视频号,【,转发,28,14,2022-04-09
月夜繁星35229,04月08日 16:17 转赞人数超过20,HUAWEI P40 5G,#潍坊疫情#,转发,6,32,2022-04-09
中国电信,04月08日 16:02 转赞人数超过10,微博 weibo.com,【数字防疫 科技守“沪”】,17,10,12,2022-04-09
问号哥哥,04月08日 15:56 转赞人数超过1万,,#等疫情结束去趟西藏吧#,39,31,13385,2022-04-09
我苏特稿,04月08日 15:48 转赞人数超过80,微博 weibo.com,【徐州市疫情防控通告（2022年第35号）】,8,21,83,2022-04-09
沉默是一种力量L,04月08日 15:46 转赞人数超过300,iPhone客户端,这次疫情能控住吗？什么时候是个头啊,2,95,368,2022-04-09
沿江检察,04月08日 15:44 转赞人数超过10,微博视频号,【如果务农人员是疫情感染者，代耕的现实操作性怎么样？】吉林省农业科学院农业资源与环境研究所二级研究员 任军：代耕也可以做，因为现在代耕已经很成熟了，实际上就是一个简单的信息沟通，把他农村种地的相关事情由别人来代，最后在他的土地上有一个收成就可以，这个完全可以做到，实际上这应该跟农 ​,8,6,16,2022-04-09
资阳政法,04月08日 15:39 转赞人数超过10,三星S21+ 5G,#上海新增本土确诊824例无症状20398例#,转发,12,12,2022-04-09
北京日报,04月08日 15:31 转赞人数超过400,微博视频号,【,35,94,492,2022-04-09
蘸盐,04月08日 15:23 转赞人数超过80,iQOO 9 Pro 赛道传奇,#战疫助农行动#,43,6,53,2022-04-09
我是双鱼座3,04月08日 15:07 转赞人数超过10,iPhone客户端,#天津市打狗#疫情刚好点，又要跟狗玩命。在滨江道宣传的时候，顺便看看和平路的商业现状。人口流出不是没有原因的！ ​,转发,评论,14,2022-04-09
京剧演员李林晓,04月08日 15:04 转赞人数超过10,iPhone 13 Pro,感谢每一位购票的观众朋友,2,7,18,2022-04-09
西安发布,04月08日 14:57 转赞人数超过100,微博 weibo.com,【重要通告！事关疫情高流行地区务工返市人员】,57,43,184,2022-04-09
呼和浩特新闻网,04月08日 14:50,微博 weibo.com,#呼和浩特疫情#,5,1,4,2022-04-09
静怡姐姐本尊,04月08日 14:45 转赞人数超过40,iPhone 12 Pro Max,#上海现有本土感染者超10万例#,3,32,54,2022-04-09
穿书之成为顶流写手,04月08日 14:41 转赞人数超过100,iPhone客户端,觉得最近都好丧！！！！！该死的疫情！！！！ ​,2,68,198,2022-04-09
草一只猫猫,04月08日 14:30 转赞人数超过90,nova5Pro人像超级夜景,@华东师范大学,2,3,96,2022-04-09
浙江公安,04月08日 14:24 转赞人数超过50,微博视频号,#疫情当前警察不退#,101,16,4,2022-04-09
尹尹尹_大白,04月08日 14:19 转赞人数超过10,荣耀V20 4800万3D相机,#东营疫情#,转发,11,17,2022-04-09
蓝鲸财经记者工作平台,04月08日 14:15 转赞人数超过40,微博视频号,【上海确诊病例有1例重型，18岁至60岁占69%，感染者年龄最小10天】4月8日上午10:00，上海举行疫情防控工作新闻发布会，会上市卫生健康委一级巡视员吴乾渝吴乾渝介绍，自3月1日以来，截至4月7日24时，本市累计报告本土阳性感染者131524例，其中无症状感染者127131例、确诊病例4393例。在确诊病例中，有 ​,29,21,16,2022-04-09
,,,,,,,2022-04-09
陳文笙Vincent,04月08日 14:12 转赞人数超过2200,微博视频号,#东营疫情#,56,53,2420,2022-04-09
初桐呐,04月08日 14:08 转赞人数超过100,Android,#西安新增11例本土确诊病例#,1,6,119,2022-04-09
用户7490035733,04月08日 14:05 转赞人数超过20,HUAWEI P40 Pro 5G,#上海疫情 同济大学疫情#,4,评论,28,2022-04-09
济阳检察,04月08日 13:46 转赞人数超过20,Android,#电视剧猎罪图鉴中的法律知识#,8,15,21,2022-04-09
KK钢铁侠911,04月08日 13:41 转赞人数超过10,iPhone 13 Pro Max(金色),泰国已经放开旅游了，,6,1,8,2022-04-09
北京时间,04月08日 13:41 转赞人数超过70,,【,10,27,86,2022-04-09
重庆九龙坡法院,04月08日 13:34 转赞人数超过10,微博视频号,【上海目前阳性感染者超13万例：含1例重型，年龄最小10天】4月8日，上海市举行疫情防控工作新闻发布会，市卫生健康委一级巡视员吴乾渝表示目前本市确诊病例有1例重型。从年龄结构来看，所有确诊病例中，18岁及以下占15%，18岁至60岁占69%，60岁及以上占16%。所有感染者中，年龄最小10天，最大98岁。 ​,转发,17,18,2022-04-09
侵华日军南京大屠杀遇难同胞纪念馆,04月08日 13:32 转赞人数超过20,微博视频号,#江东门的钟声#,1,评论,27,2022-04-09
法治四川,04月08日 13:23 转赞人数超过10,依法治省办Android,【辛苦了！,2,3,10,2022-04-09
六安金泫雅,04月08日 13:12 转赞人数超过10,iPhone客户端,屠猪馆闭馆了，我要和我爱的5⃣️楼说再见了,转发,7,16,2022-04-09
木有先生_cop,04月08日 13:05 转赞人数超过10,iPhone客户端,在网上买了瓜子，因为疫情都快一个月了，包裹还在路上徘徊，估计等到我这都哈喇了吧…,转发,27,14,2022-04-09
辽宁共青团,04月08日 12:57 转赞人数超过100,微博视频号,北京：两批境外来京服装货物中检出核酸阳性 。,14,8,175,2022-04-09
小小蓝果,04月08日 12:56 转赞人数超过30,iPad mini,#句容疫情#,转发,评论,43,2022-04-09
hyun_BAMBI,04月08日 12:54 转赞人数超过10,EXO超话,,转发,3,14,2022-04-09
YAOYANG-92,04月08日 12:43 转赞人数超过60,宋茜超话,,1,16,73,2022-04-09
尖单瓦T,04月08日 12:41 转赞人数超过10,尖单瓦超话,ཞེ་དངངས་དངངས་ཀྱི་ནད་རིམས་འདི་ལ།།,转发,2,17,2022-04-09
陈敏-CS,04月08日 12:40 转赞人数超过20,,前天在网上看到一个让我很愕然的说法，大概意思就是“疫情对民生经济的影响没那么大，原因是很多行为可以在网上办公”。,转发,17,27,2022-04-09
山西晚报,04月08日 12:37 转赞人数超过100,,#关于病例16-21活动轨迹的通告#,26,55,191,2022-04-09
说给电竞美少女们,04月08日 12:36 转赞人数超过90,,投稿：,3,69,154,2022-04-09
商丘古城,04月08日 12:34 转赞人数超过10,nova7你在焦点在,#商丘带星#,31,37,36,2022-04-09
,,,,,,,2022-04-09
楠子和小妞,04月08日 12:13,iPhone 11 Pro Max,邻居说，我现在穿着白色裙子去你家拍照，可以吗？,转发,16,11,2022-04-09
宇宙最强表白,04月08日 12:08 转赞人数超过100,iPhone客户端,#都快忘记疫情前的生活了#,29,80,161,2022-04-09
蓝鲸财经记者工作平台,04月08日 12:08 转赞人数超过200,iPhone 12 Pro,【人民日报：,221,43,74,2022-04-09
宅数码Kael,04月08日 12:07 转赞人数超过10,真我GT Neo3,#五大行回应因疫情不能按时还房贷问题#,4,13,28,2022-04-09
spaceboii,04月08日 12:05 转赞人数超过100,iPhone X,​​​​​ ​​  ​ ​​,9,13,133,2022-04-09
刘柏柏,04月08日 12:01 转赞人数超过10,vivo NEX AI智慧旗舰,#武汉解封两周年#,6,2,16,2022-04-09
威海晚报,04月08日 11:35 转赞人数超过20,HUAWEI P30,#统筹疫情防控和经济社会发展#,35,54,59,2022-04-09
浙江公安,04月08日 11:30 转赞人数超过50,,#疫情当前警察不退#,115,17,2,2022-04-09
銭江潮里,04月08日 11:26,微博国际版,#宠物不该沦为疫情的牺牲品#,转发,4,13,2022-04-09
捡尽寒枝叶,04月08日 11:23 转赞人数超过20,iPhone客户端,#上海新增本土确诊824例无症状20398例#,转发,1,30,2022-04-09
阿欢要岁岁平安,04月08日 11:21 转赞人数超过10,舒远超话,,转发,29,16,2022-04-09
暴富暴瘦暴美皆可,04月08日 11:20 转赞人数超过10,iPhone客户端,#上海新增本土确诊824例无症状20398例#,转发,1,13,2022-04-09
文拙zz,04月08日 11:17 转赞人数超过20,OPPO Reno6 5G,#青岛高校解封#,转发,2,35,2022-04-09
鲁国平先生,04月08日 11:11 转赞人数超过50,微博视频号,上海疫情下的两位女子：第一位女子：有人发视频说上海一小区菜堆在那里烂掉了都没人管，小区居民（这位女子）出来澄清：不是没人管，一直有人管，一直有人分，中间停了一天，因为有一个分菜的人阳性了。,3,18,76,2022-04-09
修勾银银u,04月08日 11:06 转赞人数超过10,荣耀畅玩9A,#潍坊开学#,转发,9,22,2022-04-09
拆台CT,04月08日 11:01 转赞人数超过100,,#上海新增本土确诊824例无症状20398例#,37,103,451,2022-04-09
TerryBreeze,04月08日 10:59 转赞人数超过10,iPhone客户端,#上海新增无症状感染者超2万例#,1,5,28,2022-04-09
成都高新法院,04月08日 10:58,微博视频号,【,转发,评论,赞,2022-04-09
淮南公安在线,04月08日 10:58,微博视频号,#皖警抗疫#,2,4,4,2022-04-09
,,,,,,,2022-04-09
浙江城市之声,04月08日 10:58,iPhone 13,【杭州出台关心关爱货车司机十条举措】,转发,1,2,2022-04-09
Alice炸地球,04月08日 10:58,HUAWEI Mate 40E,我们都是上海防疫市民中普通的一份子，我们自律，坚持足不出户，配合核酸，绝对不给基层人员添麻烦。然而近期屡屡发生的打死宠物事件，给我们深爱的上海带来了许多也许并不公正的非议！这座城市的居民，无比尊重每一个生命的重量！请求允许给被隔离的主人家的宠物们一条生路，请禁止扑杀宠物！养宠家庭 ​,1,评论,3,2022-04-09
宣州公安,04月08日 10:58,微博视频号,#抗击疫情 我们在行动#,1,评论,1,2022-04-09
小狸会永远发光,04月08日 10:58,时代少年团周边中转站超话,,转发,3,3,2022-04-09
福州公安,04月08日 10:58,微博视频号,#福州战疫#,转发,评论,赞,2022-04-09
安阳交通广播,04月08日 10:58,K30 至尊纪念版,【,转发,评论,赞,2022-04-09
陈奕迅的F-,04月08日 10:58,iPhone客户端,没别的意思,转发,5,15,2022-04-09
郑允浩浩浩,04月08日 10:58,亲亲允浩的iPhone XS Max,#长春疫情#,转发,12,7,2022-04-09
镇边加贝,04月08日 10:58,微博视频号,#五大行回应因疫情不能按时还房贷问题#,转发,评论,赞,2022-04-09
四川网警巡查执法,04月08日 10:58,微博视频号,#疫情当前 警察不退#,转发,评论,3,2022-04-09
财经趋势女神,04月08日 10:58,微博 weibo.com,4月初俄罗斯石油产量创下近两年来最大降幅，因一些买家在俄乌冲突后转向别处寻找能源供应，而且俄罗斯经济增长面临不确定性也打击了国内需求。如果这种情况持续整月，4月份原油产量将比3月减少约50万桶/日，这是2020年新冠疫情初期俄罗斯跟随OPEC+大幅减产以来的最大降幅。,转发,评论,赞,2022-04-09
一只辣辣fo,04月08日 10:58,小粉板砖iPhone 13,我每天看着淮南的疫情情况 看着凤台县的新增病例 这个数字我一点也不感到奇怪 不是因为我在千里之外 影响不到我  而是从一开始那些自称为人民服务的人 根本没有做到为人民服务 刚爆发的时候 我妹妹所在的学校在封城的情况下 要求家长把全部学生接回家 说是接到教育局通知 学校不准留人 我不知道是哪个 ​,转发,1,4,2022-04-09
赧2011,04月08日 10:58,微博 weibo.com,【湾里太平镇 | 创建健康社区，为群众撑起健康保护伞】,转发,评论,3,2022-04-09
重庆九龙坡法院,04月08日 10:57,微博视频号,【,转发,16,19,2022-04-09
曹臻一,04月08日 10:57,HUAWEI P40 Pro 5G,深圳居然给动物建方仓医院，给小动物颁发抗疫的荣誉证书。深圳真是一个伟大的城市，不仅仅体现在对生命的态度上。疫情发生了，在流程的设置上，保留了市场的能力，也保留了对物资的配送通畅，永远的流程思维，真是创业者建立起来的城市。喜欢深圳，这个城市可以中心化，又可以市场化。居委会的人是体制 ​,转发,评论,5,2022-04-09
就是要关注你怎么着吧,04月08日 10:57,OPPO Reno4 Pro 5G,#山东菏泽400岁牡丹王开花了#,转发,9,10,2022-04-09
芝士辣椒小姐姐,04月08日 10:57,iPhone客户端,他对我说，逆境修心,转发,2,3,2022-04-09
Shangri_La2015,04月08日 10:57,HUAWEI Mate 10 Pro,上海疫情爆发后，阴谋论也广泛流传起来。但就算有汉奸，为了利益里应外合搞出这一轮疫情，但病毒特性摆在那里，统计数据也在那里，重症死亡率几乎为零，绝大多数可以自愈。上海每天持续暴增也说明了，国家队入场，军队出马，全国支援，强力执行动态清理，也没有遏制住阳性上升的势头，说明是病毒特性使 ​,转发,评论,8,2022-04-09
,,,,,,,2022-04-09
云梦未来,04月08日 10:57,微博视频号,,1,1,2,2022-04-09
文汇报,04月08日 10:57,微博视频号,疫情面前，没有人是旁观者，每个人都是责任人！他们很平凡很普通，但他们发出的声音温暖如春！这一刻，让我们一起守“沪”！,转发,评论,2,2022-04-09
范紫乔,04月08日 10:57,iPhone客户端,长春 0志”在心中 “愿”在行动,转发,评论,赞,2022-04-09
解放日报,04月08日 10:57,360安全浏览器,【已有十多个省市和解放军医疗队、采样检测队来沪增援，感谢逆行者们！】记者询问，近日陆续有来自全国各地的医疗队抵达上海，投入到工作当中，能否具体介绍一下他们参与了哪些工作？,3,评论,1,2022-04-09
来颗糖可以吗_,04月08日 10:57,赵丽颖的颖火虫,#一确诊病例曾到访北京昌平两家餐馆#,5,6,21,2022-04-09
东楚晚报,04月08日 10:57,iPhone XS Max,【刚刚，黄石疾控发布最新疫情防控健康提示！】当前，全国新增本土感染者快速增长，多地多点发生聚集性疫情，部分地区社区传播仍未阻断，疫情仍在高位运行，外溢病例及续发疫情多发，防控形势严峻复杂，我市外防输入工作持续加压。为做好当前形势下我市疫情防控，降低疫情输入及传播风险，4月8日，黄石 ​,转发,评论,1,2022-04-09
天邢者一踏雪寻牛,04月08日 10:57,,南通各市县GDP最终复核，崇川区夺冠！,17,2,270,2022-04-09
昆明消防,04月08日 10:57,微博 weibo.com,#上海现有本土感染者超10万例#,1,10,7,2022-04-09
天津市总工会,04月08日 10:56,微博 weibo.com,#防控疫情 天津在行动#,转发,评论,赞,2022-04-09
广州交通电台,04月08日 10:56,,【广州花都暂停现场祭扫】刚刚，,转发,评论,赞,2022-04-09
祝四通一达早日倒闭,04月08日 10:56,小米11,#五大行回应因疫情不能按时还房贷问题#,转发,1,3,2022-04-09
泉州消防,04月08日 10:56,小米CC9e,【高校宿舍防火防疫指南,2,3,6,2022-04-09
天津市总工会,04月08日 10:56,微博 weibo.com,#防控疫情 天津在行动#,转发,评论,赞,2022-04-09
厦门卫视,04月08日 10:56,微博视频号,#厦门报告新增本土确诊病例1例#,转发,评论,1,2022-04-09
东方网,04月08日 10:56,微博视频号,【樊嘉：感谢方舱的病人对医护人员的理解和支持】,2,1,6,2022-04-09
岳阳共青团,04月08日 10:56,微博视频号,沈阳 “大白”帮封控楼主人喂狗，好几天没看到狗影，家已经被拆得差不多了……,转发,评论,1,2022-04-09
知道吗o,04月08日 10:56,,怎么买菜？,转发,评论,3,2022-04-09
阆中飞帅,04月08日 10:56,微博视频号,紧急提醒‖阆中人一定要看，多趟列车暂时停运，买了票的赶紧免费退票,转发,评论,2,2022-04-09
黄山市人民政府发布,04月08日 10:55,微博 weibo.com,#疫情防控#,转发,1,2,2022-04-09
认真少女Notime,04月08日 10:55,iPhone客户端,#南昌疫情#,转发,2,13,2022-04-09
,,,,,,,2022-04-09
我爱风雨停,04月08日 10:55,iPhone客户端,#抗击疫情#,1,评论,1,2022-04-09
黄山市人民政府发布,04月08日 10:55,微博 weibo.com,#疫情防控#,1,评论,赞,2022-04-09
香港金融街,04月08日 10:55,分享按钮,【今年首季MPF挫逾6%兩年最差 人均蝕1.66萬】,转发,1,2,2022-04-09
和平主义狂想论,04月08日 10:55,iPhone客户端,#成都疫情#,转发,评论,3,2022-04-09
无锡都市生活广播,04月08日 10:55,iPhone客户端,【,1,评论,1,2022-04-09
張咩咩apr,04月08日 10:55,iPhone客户端,最近天气越来越好了！,转发,3,5,2022-04-09
Never张祥恒,04月08日 10:55,iPhone 8,天气真好💕,转发,评论,9,2022-04-09
粉笔罗成兴,04月08日 10:55,iPhone XS Max,#五大行回应因疫情不能按时还房贷问题#,转发,5,8,2022-04-09
是颗蜜糖呀,04月08日 10:55,iPhone客户端,真的救命了廊坊能不能把快递通了 猫粮进不来 猫都要饿死了,转发,12,10,2022-04-09
naomi815,04月08日 10:55,iPhone客户端,替上海朋友说一句,2,评论,5,2022-04-09
黄龙检察,04月08日 10:55,微博视频号,#上海新增本土确诊824例无症状20398例#,转发,12,6,2022-04-09
不瘦到85斤不换名嘞,04月08日 10:55,OPPO K7x,9号就是在隔离宾馆待一个月了,转发,评论,2,2022-04-09
沈阳智障维修中心,04月08日 10:55,HarmonyOS设备,见亮了！,转发,评论,3,2022-04-09
我正沉入一代人的海,04月08日 10:55,iPhone客户端,渝康码下面有这一排黄色的字进不了高铁站吗？连续两天都做了核酸都是阴性，要怎么消掉这一排黄色的字呢？可以申诉吗？,转发,45,6,2022-04-09
皮具里的模型yhtd999520,04月08日 10:55,马靴超话,,转发,8,7,2022-04-09
数码二狗,04月08日 10:55,新版微博 weibo.com,,转发,11,1,2022-04-09
连云港市海州区法院,04月08日 10:55,微博视频号,#疫情当前 警察不退#,转发,评论,赞,2022-04-09
山西新闻网,04月08日 10:55,微博 weibo.com,#在山西#,转发,评论,赞,2022-04-09
芋圆重新去钟离郡遛狗,04月08日 10:54,iPhone客户端,#芋圆儿分享近日#,转发,评论,2,2022-04-09
非匿名邮差,04月08日 10:54,Android,上学期走的时候，彼此都说答辩时再见，不久就会再见,转发,1,2,2022-04-09
,,,,,,,2022-04-09
浪个哩个蕾_,04月08日 10:54,iPhone客户端,所有的计划又又又变成等疫情结束,转发,评论,3,2022-04-09
三秦青年,04月08日 10:54,微博 weibo.com,【陕西（商洛）新增1例本土确诊病例】,转发,1,2,2022-04-09
天津市总工会,04月08日 10:54,微博 weibo.com,#防控疫情 天津在行动#,转发,评论,赞,2022-04-09
这里是儋州,04月08日 10:54,微博 weibo.com,#海南疫情#,转发,评论,2,2022-04-09
成都共青团,04月08日 10:54,微博 weibo.com,"#疫情防控,成都在行动#",2,评论,7,2022-04-09
害就叫这个吧97,04月08日 10:54,荣耀30 5G,#宠物不该沦为疫情的牺牲品#,1,1,6,2022-04-09
蓬溪发布,04月08日 10:54,iPhone客户端,蓬溪县应对新型冠状病毒感染肺炎疫情,转发,1,2,2022-04-09
Jacki3ee,04月08日 10:54,iPhone客户端,#宠物不该沦为疫情的牺牲品#,转发,评论,5,2022-04-09
吴姗Ms,04月08日 10:54 转赞人数超过100,搞笑超话,#等疫情结束去趟西藏吧#,119,117,132,2022-04-09
淮南大余,04月08日 10:54,微博视频号,#淮南疫情#,转发,评论,赞,2022-04-09
Dangtaotao,04月08日 10:53,荣耀50 5G,4月8日，周五，晴,转发,1,3,2022-04-09
东南早报,04月08日 10:53,iPhone客户端,#泉州疫情最新情况#,转发,评论,赞,2022-04-09
湛江开发区官博,04月08日 10:53,新版微博 weibo.com,【我区主要领导率队调研疫情防控工作】,1,评论,赞,2022-04-09
时光机lan,04月08日 10:53,iPhone客户端,#上海疫情#,1,5,10,2022-04-09
上海攻略君,04月08日 10:53,微博视频号,多架次运-20大型运输机降落在上海虹桥机场，支援上海疫情防控工作！我们大上海一定能战胜此次疫情！💪上海加油！！！,4,1,9,2022-04-09
抚顺妇女,04月08日 10:53,微博视频号,#喜迎二十大 辽宁在行动#,转发,评论,2,2022-04-09
锦绣潇湘-文旅湖南,04月08日 10:53,iPhone客户端,#湖南旅游#,6,2,6,2022-04-09
直女下海,04月08日 10:53,iPhone客户端,#上海新增本土确诊824例无症状20398例#,2,评论,6,2022-04-09
翟文帆-Orange,04月08日 10:53,iPhone 12 Pro,#西安疫情#,转发,1,2,2022-04-09
,,,,,,,2022-04-09
今日建德,04月08日 10:53,微博视频号,杭州出台硬核措施,转发,评论,1,2022-04-09
星空下的Fish-,04月08日 10:53,iPhone客户端,#五大行回应因疫情不能按时还房贷问题#,转发,2,11,2022-04-09
吉林乌拉圈,04月08日 10:53,乌拉圈超话,#长春3人明知被感染仍经营超市#,转发,2,8,2022-04-09
快点温州APP,04月08日 10:53,微博视频号,#聚焦2022温州两会#,1,评论,1,2022-04-09
lorryqueen,04月08日 10:53,nova8Pro我由我掌镜,#南通大学疫情#,1,1,33,2022-04-09
不认真,04月08日 10:53,iPhone客户端,#郑州无疫情夏日图鉴#,转发,评论,2,2022-04-09
文明兰州,04月08日 10:52,文明兰州超话,,转发,1,赞,2022-04-09
辛玥Cynthia,04月08日 10:52,iPhone 13 Pro,最近。,转发,2,3,2022-04-09
别叫她不早睡,04月08日 10:52,iPhone客户端,#上海疫情#,1,1,3,2022-04-09
香港金融街,04月08日 10:52,分享按钮,【投資者連環沽貨止賺離場】,转发,1,1,2022-04-09
大牛哥runner,04月08日 10:52,微博视频号,今天嘉兴市南湖区全员核酸检测,转发,评论,1,2022-04-09
DT财经,04月08日 10:52,微博 weibo.com,【干货！疫情防控中的工资、房贷、房租等12个法律事项！你一定要知道！ ​​​】,1,评论,赞,2022-04-09
佳妃没有猫mua,04月08日 10:52,iPhone客户端,#这波新冠疫情还要持续多久#,转发,1,2,2022-04-09
范炜,04月08日 10:52,新版微博 weibo.com,#疫情#,转发,评论,3,2022-04-09
曼走庄园,04月08日 10:52,iPhone客户端,#宠物不该沦为疫情的牺牲品#,转发,评论,赞,2022-04-09
悦悦lei,04月08日 10:52,iPhone客户端,#河北疫情管理一刀切#,1,7,21,2022-04-09
青岛公安,04月08日 10:52,新版微博 weibo.com,#我为群众办实事#,2,评论,1,2022-04-09
都市晨报,04月08日 10:52,新版微博 weibo.com,#重点关注#,1,评论,1,2022-04-09
抚顺妇女,04月08日 10:52,,【沈阳市新冠肺炎疫情防控指挥部通告（第47号）】为更好地统筹做好疫情防控和经济社会发展，保证春耕生产全面有序开展，在沈阳市新冠肺炎疫情防控指挥部第39号、第44号通告的基础上，根据各地区疫情防控形势，现就调整部分涉农地区疫情防控措施有关事项通告如下：,转发,评论,1,2022-04-09
陇南武都发布,04月08日 10:52,iPhone客户端,#兰州90后村支书抗疫四部曲#,1,评论,2,2022-04-09
,,,,,,,2022-04-09
新都资讯,04月08日 10:52,iPhone 12,【,转发,1,4,2022-04-09
-甜惠小羊,04月08日 10:52,iPhone客户端,求求快点解封吧,转发,3,8,2022-04-09
吉视守望都市,04月08日 10:52,微博视频号,【陕西援吉检测及采样队完成采样量116万人次】截至4月5日，这支由陕西省315名医务工作者组成的陕西省援吉核酸检测及采样队已经完成116万人次的核酸采样、4万管的核酸样本检测。他们正以精准的检测结果和高效的采样效率，助力吉林打赢疫情防控大仗硬仗。,转发,1,2,2022-04-09
乌兰察布日报微博,04月08日 10:52,微博视频号,【,2,1,6,2022-04-09
GAGAo3o,04月08日 10:51,疫情超话,还是会被烦到,转发,2,5,2022-04-09
阳泉市文化和旅游局,04月08日 10:51,360安全浏览器,关王庙景区临时关停通知,转发,1,1,2022-04-09
抚州资溪发布,04月08日 10:51,微博 weibo.com,【贯彻“八扬八治 ”深化作风建设】嵩市镇：加强24小时值班值守 切实筑牢疫情防控防线,7,5,9,2022-04-09
微博商丘,04月08日 10:51,新版微博 weibo.com,【永城市关于划定新冠肺炎疫情防控中风险区的通告】,转发,5,赞,2022-04-09
岳阳共青团,04月08日 10:51,微博视频号,他是一名来自连云港的货车司机，,转发,评论,赞,2022-04-09
南京浦口城管,04月08日 10:51,新版微博 weibo.com,【垃圾分类】近日，浦口永宁街道城管中队成立临时检查小组，针对各村（社区）垃圾亭（房）内四色垃圾桶设置情况、消杀情况、生活垃圾混装情况等进行专项检查，责令责任单位迅速进行整改落实，并检查消杀记录及相关照片等工作台账，确保统筹做好疫情防控和垃圾分类工作。（拟稿：陈健 审核：龚伟 发布： ​,1,1,1,2022-04-09
阿凯的脑洞,04月08日 10:51,微博视频号,3月中旬我这边开始封城，隔离19天后解封，由此开了这个脑洞。,1,1,1,2022-04-09
山西卫视,04月08日 10:51,微博 weibo.com,【山西运城公布6例阳性感染者活动轨迹】,1,评论,赞,2022-04-09
券商投资笔记,04月08日 10:51,新版微博 weibo.com,今天这波拉升给我的感觉，应该是有国家队入场扫货了，扫的都是新基建相关的。TMT，芯片，光伏，软件这些。今年上海疫情影响全年5.5GDP完成难度很大。疫情过去以后要加大投资和消费，因为出口外贸肯定起不来的。那么投资这块，就是老基建+新基建。老基建房地产这块应该不会作为主要发力点，所以新基金可 ​,2,2,5,2022-04-09
仙岛食光记,04月08日 10:51,360安全浏览器,#云尚岱山#,1,评论,1,2022-04-09
熊boomboom子,04月08日 10:51,iPhone客户端,加了外公家的楼栋群帮买菜，这楼组长也挺不负责的，楼里居民问问题，回答都是打居委会电话。刚才我外公因为药吃光了想买药，打电话给居委会没人接，他再到居委会去找人，结果发现电话响了居委会的人都不接。,1,评论,1,2022-04-09
Moonquakes荔枝,04月08日 10:51,吴磊的磊迷们,#武汉解封两周年#,转发,1,22,2022-04-09
EJieee-,04月08日 10:50,iPhone客户端,有没有一种可能,转发,2,9,2022-04-09
MYuzzzzz,04月08日 10:50,HUAWEI Mate 20 Pro,#上海大白当街拍死小柯基#,1,评论,2,2022-04-09
柳州公安,04月08日 10:50,微博视频号,#疫情当前 警察不退#,转发,评论,2,2022-04-09
,,,,,,,2022-04-09
东野先生的信箱,04月08日 10:50 转赞人数超过100,搞笑超话,#等疫情结束去趟西藏吧#,117,评论,135,2022-04-09
LOL英雄联盟视频,04月08日 10:50,微博 weibo.com,韩网热议“LPL不参加MSI”:LPL不来，冠军没含金量！,转发,5,16,2022-04-09
上海天气通--风云气象汇,04月08日 10:50,三星Galaxy S10,团购导致疫情问题，将负责人，那些团购赚了十几二三十几万的人需要警惕了，再下去怕事上海的房子都要被那群团购的炒上去了，短短一周多听说有人到手30w以上，怎么不去抢银行啊 ​,2,8,36,2022-04-09
律政佳人,04月08日 10:50,新版微博 weibo.com,【,4,3,6,2022-04-09
香港金融街,04月08日 10:50,分享按钮,【私樓首兩月落成量錄7312伙】,转发,评论,赞,2022-04-09
皮皮碎冰冰o,04月08日 10:50,OPPO A9,#沈阳疫情#,转发,11,4,2022-04-09
没头脑有时候真的有头脑,04月08日 10:50,iPhone客户端,我恨！我好想去看电影啊，这该死的疫情夺走了我百分之九十的快乐 ​,转发,7,9,2022-04-09
文明江西,04月08日 10:50,微博视频号,#赣沪同心共战疫情#,8,评论,2,2022-04-09
南国都市报,04月08日 10:50,微博 weibo.com,#守沪日记#,转发,评论,赞,2022-04-09
甘肃日报,04月08日 10:50,微博 weibo.com,#甘肃迎战奥密克戎#,转发,评论,赞,2022-04-09
南昌广播电视台,04月08日 10:49,微博视频号,【保供应：全市蔬菜肉类供应充足价格稳定】,转发,评论,1,2022-04-09
京都之間,04月08日 10:49,微博视频号,#疫情下的京都樱花季#,2,1,8,2022-04-09
柔情的主义,04月08日 10:49,今日头条超话,,转发,评论,赞,2022-04-09
昊兔子,04月08日 10:49,微博视频号,直击上海战疫：停下来的城市，是他们在守沪,转发,评论,1,2022-04-09
吴尚源冷月轩,04月08日 10:49,微博视频号,疫情时期～在闽南民俗信仰中的医生，你知道吗？,1,3,4,2022-04-09
赵成晨要努力开心呀,04月08日 10:47 转赞人数超过800,配音演员赵成晨超话,,31,418,906,2022-04-09
许开祯,04月08日 10:46 转赞人数超过50,新版微博 weibo.com,不管是互联网大厂裁员，还是疫情中的感染，甚至贪官被抓，太多太多人的思维仍然是，这事轮不到我，我不会的，不会是我。我们总是在一种侥幸心理下安慰自己，总觉得各种不幸离自己很远，那不过是别人的事，顶多表示一下同情就行。终于某天，事情砸到自己头上，于是傻眼了，于是愤怒了，于是恐惧了，于是 ​,14,10,62,2022-04-09
圈圈挖掘机,04月08日 10:46,微博视频号,#宠物不该沦为疫情的牺牲品#,转发,评论,2,2022-04-09
首都健康,04月08日 10:39 转赞人数超过600,iPhone客户端,北京4月7日新增9例本土确诊病例和1例本土无症状感染者 治愈出院3例,77,166,836,2022-04-09
山东教育电视台,04月08日 10:35,微博视频号,【潍坊科技学院：教师坚守一线 服务科研不停歇】面对突如其来的疫情，潍坊科技学院全面开展线上教学，这对科研工作的正常运转带来巨大挑战，潍坊科技学院贾思勰农学院教师在严格落实疫情防控要求的同时，坚守科研一线，保障科研工作不停歇。,转发,评论,赞,2022-04-09
,,,,,,,2022-04-09
平安天津,04月08日 10:34 转赞人数超过20,微博视频号,#我为群众办实事#,42,2,12,2022-04-09
南昌发布,04月08日 10:29 转赞人数超过10,微博 weibo.com,#南昌战疫日记#,19,11,12,2022-04-09
汉中发布,04月08日 10:22,微博 weibo.com,#关注汉中#,2,1,3,2022-04-09
站长爱申论,04月08日 10:20 转赞人数超过100,沪江CCTalk,【公益模考通知】,39,28,139,2022-04-09
中国日报,04月08日 10:16 转赞人数超过50,微博 weibo.com,【北京：,11,11,52,2022-04-09
鲁国平先生,04月08日 10:14 转赞人数超过40,微博视频号,【,6,10,46,2022-04-09
辽宁综合广播,04月08日 10:12,iPhone客户端,【2022年4月7日0时至24时葫芦岛新型冠状病毒肺炎疫情情况】,转发,评论,赞,2022-04-09
鞍山发布,04月08日 10:09,微博视频号,【战“疫”普法小课堂（3）】,1,评论,赞,2022-04-09
全球时事热点解读,04月08日 10:08,新版微博 weibo.com,【一分钟知天下事】2022年4月8日  星期五  农历三月初八,转发,评论,赞,2022-04-09
新浪山西,04月08日 10:06 转赞人数超过10,iPhone XR,#抗击疫情山西在行动#,1,评论,14,2022-04-09
中国交通,04月08日 09:46 转赞人数超过10,微博视频号,#您出行我守护#,转发,9,14,2022-04-09
健康成都官微,04月08日 09:32 转赞人数超过30,新版微博 weibo.com,#疫情防控#,19,13,47,2022-04-09
中新浙里,04月08日 09:31 转赞人数超过10,HUAWEI Mate 30 Pro,【浙江象山：县域对外交通通道按照防疫管控要求车辆只进不出】4月8日，据浙江省宁波市象山县新型冠状病毒感染的肺炎疫情防控工作领导小组消息，2022年4月8日0:00-24:00，浙江省宁波市象山县域对外交通通道按照防疫管控要求允许车辆进入，实行只进不出。仅保留戴港高速口作为标本送检、医疗急救、防疫物 ​,1,5,16,2022-04-09
极目新闻,04月08日 09:27 转赞人数超过100,微博视频号,【,7,18,120,2022-04-09
沿江检察,04月08日 09:24 转赞人数超过30,微博视频号,【,17,30,62,2022-04-09
中国警察网,04月08日 09:21 转赞人数超过30,微博视频号,#疫情当前 警察不退#,16,4,32,2022-04-09
云南发布,04月08日 09:21 转赞人数超过20,微博 weibo.com,#加强疫情防控 云南在行动#,14,评论,20,2022-04-09
沈阳晚报,04月08日 09:18 转赞人数超过10,OPPO Find X,【辽宁阜新解除封控区、管控区 有序恢复公共场所活动】据央视新闻   4月7日，辽宁阜新市新冠肺炎疫情防控指挥部发布《关于有序恢复公共场所经营活动的通告》：阜新市疫情防控工作取得了阶段性成果，全面实现病例清零，所有封控区、管控区已解除封控管理。为统筹经济发展和疫情防控工作，经市新冠肺炎疫 ​,13,1,13,2022-04-09
头条新闻,04月08日 09:18 转赞人数超过4800,微博发布平台专业版,【上海市纪委监委通报2起疫情防控不力典型问题，2人被免职】据廉洁上海微信公众号消息：1、上海机场集团下属虹桥公司消防急救保障部原党委副书记、总经理李水飞在疫情防控中不担当、不作为问题。李水飞在3月24日紧急转送一名机场委外单位新冠肺炎核酸检测阳性员工过程中，消极推诿、缺乏担当，导致转运 ​,131,566,5144,2022-04-09
四川职业技术学院,04月08日 09:14,四川职业技术学院超话,#川职·影视#,5,4,11,2022-04-09
,,,,,,,2022-04-09
-阿貘,04月08日 09:12 转赞人数超过200,谢可寅超话,,47,63,272,2022-04-09
新华社,04月08日 09:07 转赞人数超过2万,微博 weibo.com,【,314,740,18776,2022-04-09
中国新闻周刊,04月08日 09:04 转赞人数超过10,微博 weibo.com,【北京：4月6日在,4,4,8,2022-04-09
人民网海南视窗,04月08日 09:03,微博 weibo.com,#海南疫情防控#,转发,评论,1,2022-04-09
华尔街见闻APP,04月08日 09:03 转赞人数超过30,微博 weibo.com,【华尔街见闻早餐FM-Radio】①纳指惊险转涨，俄股市扭转两连阴，卢布盘中涨近7%，美元续创近两年新高，美天然气创2008年来新高，布油一度跌破100美元②孙春兰在沪调研指导疫情防控工作，要求增强紧迫感责任感，紧盯封控、流调、转运等重点环节③六部门：“十四五”严控炼油、磷铵、电石、黄磷等行业新 ​,14,5,32,2022-04-09
江西你好,04月08日 09:01 转赞人数超过80,微博视频号,#江西援吉医疗队为生命站岗#,240,13,32,2022-04-09
正义网,04月08日 08:53 转赞人数超过10,微博 weibo.com,【,17,3,5,2022-04-09
北京晚报,04月08日 08:50 转赞人数超过10,新版微博 weibo.com,【,3,4,17,2022-04-09
中新经纬,04月08日 08:46 转赞人数超过10,,【,9,15,30,2022-04-09
Magnum_V,04月08日 08:37 转赞人数超过20,长春超话,,1,7,36,2022-04-09
倾泠月,04月08日 08:35 转赞人数超过50,HUAWEI Mate 30 5G,这几天天气很好，天蓝得很漂亮～,转发,19,70,2022-04-09
霍小兵,04月08日 08:32 转赞人数超过60,霍爷在此超话,路透社记者：考虑到现在中国的疫情情况，中方是否在考虑批准外国疫苗在华使用？,27,32,77,2022-04-09
MO墨耳,04月08日 08:30 转赞人数超过20,竹财辉之助超话,,1,11,27,2022-04-09
海口日报,04月08日 08:29,新版微博 weibo.com,#海南防控新型冠状病毒#,转发,评论,1,2022-04-09
新闻晨报,04月08日 08:27 转赞人数超过200,微博 weibo.com,【上海市网信办：关于进一步查处网络圈群造谣行为的公告】当前我市疫情防控形势严峻复杂，守护人民生命健康、守护城市安全运行已经到了重要关头。上海市互联网信息办公室连日来接到许多市民反映，在社交媒体特别是微信圈群中，有人大肆制造、发布、传播有关我市新冠肺炎防控工作的谣言和不实信息，希望 ​,246,342,488,2022-04-09
光明日报,04月08日 08:23 转赞人数超过40,微博 weibo.com,#疫情阻击动态#,7,51,83,2022-04-09
河北日报,04月08日 08:15 转赞人数超过80,微博 weibo.com,【,6,45,96,2022-04-09
第一新闻,04月08日 08:12 转赞人数超过200,微博 weibo.com,【商洛商州区4月7日起取消堂食】4月7日商洛商州区发布紧急通告，日前商州区发现一名返商人员新冠肺炎核酸初筛阳性。为减少人员聚集，严防疫情传播扩散，商州区新冠肺炎疫情防控应急指挥部研究决定，从4月7日16时起，在全区范围内停止各类经营性宾馆饭店、餐厅、单位食堂堂食，所有夜市、KTV、美容院、 ​,20,100,269,2022-04-09
蔡文姬,04月08日 08:09 转赞人数超过100,搞笑超话,#等疫情结束后去趟成都吧#,120,1,120,2022-04-09
津云,04月08日 08:06 转赞人数超过10,微博 weibo.com,#江浙将为上海提供6万间隔离房#,1,5,14,2022-04-09
,,,,,,,2022-04-09
o尛茗銅學o,04月08日 08:06,Android,#沈阳疫情#,转发,33,30,2022-04-09
富平检察,04月08日 08:04,iPhone客户端,#两人刻意隐瞒行程被杭州警方立案调查#,5,9,8,2022-04-09
新荣零距离,04月08日 08:02,HUAWEI Mate 9,【山西号召全省广大退役军人和退役军人志愿服务队积极参与,1,评论,赞,2022-04-09
长三角铁路,04月08日 08:02,微博视频号,#上铁出行常识#,15,1,2,2022-04-09
财联社APP,04月08日 08:01,,【财联社4月8日早报（周五）】①美股小幅收涨，热门中概股多数下跌②外交部：中方对美众议长佩洛西拟率团窜访台湾提出严正交涉③特斯拉召回超12万辆Model 3④疫情之中房贷可以延期还吗？多家银...,2,4,14,2022-04-09
安徽人不知道的那点事儿,04月08日 08:01,微博视频号,#安徽高校N轮核酸进行中#,11,21,4,2022-04-09
大江晚报,04月08日 08:01,芜湖大江超话,【4月8日芜湖市报告新冠肺炎疫情情况】,1,4,2,2022-04-09
商界BUSINESS,04月08日 08:01,微博视频号,【超实用！,7,1,1,2022-04-09
湛泸剑,04月08日 08:00,,#哈尔滨疫情#,1,评论,5,2022-04-09
网易财经,04月08日 08:00,微博视频号,【,7,1,5,2022-04-09
株洲消防,04月08日 08:00,微博视频号,【,转发,评论,赞,2022-04-09
重庆晨报,04月08日 07:59,360安全浏览器,『重庆发生ing』早安，这座城的早晨都由一条微博和两条大江开启。重庆正在发生：1、重庆调整2022年上半年人事考试考生疫情防控要求；2、“渝畅行”APP电子发票功能即将上线；3、晨间天气丨中心城区多云，16℃左右。更多新闻请扫下方二维码，关注上游新闻客户端,转发,评论,赞,2022-04-09
中国经济网,04月08日 07:59,微博 weibo.com,#五大行回应受疫情影响不能按时还贷#,1,评论,1,2022-04-09
六国虹,04月08日 07:58 转赞人数超过10,六国论HarmonyOS设备,在2003年“非典”疫情蔓延期间，我正在上海出差，上海的朋友们并没有因为我是从疫情源地广东过去的而避见。,4,5,12,2022-04-09
冲浪男孩钻钻子,04月08日 07:58,搞笑超话,#等疫情结束后去趟成都吧#,144,评论,145,2022-04-09
广东政法,04月08日 07:58,,【广州白云通报2名封控区人员核酸阳性】广州市白云区新冠肺炎疫情防控指挥部4月7日晚通报：2022年4月6日，白云区在大源街封控区例行核酸检测中发现2例阳性检测者，均为4月2日报告省外来穗货车司机病例封控区的管控人员。有关情况通报如下：,4,评论,4,2022-04-09
北京头条,04月08日 07:54,,#北京疫情#,1,2,8,2022-04-09
云南法制报,04月08日 07:53,HUAWEI P30,【,转发,1,1,2022-04-09
燕赵都市报,04月08日 07:50,,【邢台,2,2,4,2022-04-09
云南网,04月08日 07:45,微博 weibo.com,#抗击疫情 云南在行动#,1,评论,赞,2022-04-09
,,,,,,,2022-04-09
地铁客流及运输研究阿牛,04月08日 07:44,HUAWEI Mate 40 Pro,【,转发,10,31,2022-04-09
北京广播,04月08日 07:42,iPhone客户端,#抗击新型肺炎北京在行动#,转发,评论,2,2022-04-09
河北公安网络发言人,04月08日 07:41,Android,【,转发,评论,赞,2022-04-09
浙江之声,04月08日 07:40,iPhone客户端,【温州平阳部分学校今天起开始有序复课】,转发,评论,赞,2022-04-09
澳大利亚SBS广播公司,04月08日 07:37,微博 weibo.com,【SBS早新闻（4月8日）大家早上好】俄罗斯被暂停联合国人权理事会成员资格；美国任命首位黑人女性最高法院法官；有建议呼吁成立皇家委员会审查新冠疫情处理；,转发,1,6,2022-04-09
富平检察,04月08日 07:37,iPhone客户端,【,1,4,4,2022-04-09
浙江之声,04月08日 07:37,iPhone客户端,【宁波象山最新通告：只进不出】,转发,评论,赞,2022-04-09
新浪浙江,04月08日 07:35,iPhone 11,【,2,3,7,2022-04-09
股市战将妖哥,04月08日 07:31,微博视频号,【,转发,评论,7,2022-04-09
京津冀之声FM1006,04月08日 07:31,HUAWEI Mate 40 Pro,【,转发,评论,1,2022-04-09
内蒙古晨报,04月08日 07:30,微博视频号,【,转发,评论,3,2022-04-09
云南省人民政府网,04月08日 07:30,微博 weibo.com,#云南疫情最新通报#,2,评论,1,2022-04-09
人民日报数字传播,04月08日 07:30 转赞人数超过10,新版微博 weibo.com,【感谢有你，“大白”】无数医护人员、志愿者……身着防护服，坚守疫情防控一线。风雨中的“大白”力量，是最动人的模样。,10,6,14,2022-04-09
吖来份海蛎煎,04月08日 07:29 转赞人数超过100,吖来份海蛎煎超话,#宠物不该沦为疫情的牺牲品#,4,18,164,2022-04-09
中新浙里,04月08日 07:24,HUAWEI Mate 30 Pro,【,2,3,12,2022-04-09
生活日报,04月08日 07:22,微博 weibo.com,【再次降级！,转发,评论,2,2022-04-09
浙样红TV,04月08日 07:21,HUAWEI P30 Pro,【杭州关闭部分高速公路收费站出口】为全力做好杭州市新型冠状病毒感染的肺炎疫情防控工作，依据《中华人民共和国传染病防治法》《中华人民共和国突发事件应对法》的有关规定，经研究决定从,1,评论,3,2022-04-09
浙江日报,04月08日 07:17,微博 weibo.com,【宁波鄞州区新增1例新冠病毒肺炎确诊病例，“三区”范围划定】宁波市鄞州区新型冠状病毒感染的肺炎疫情防控工作领导小组办公室通报，2022年4月8日凌晨，鄞州区报告1例新冠病毒肺炎确诊病例。该病例目前居住于鄞州区东胜街道东郊路80弄，14天内无市外旅居史。目前，该病例已闭环转运至定点医院隔离治疗 ​,2,1,3,2022-04-09
天津市人民检察院,04月08日 07:14,,#防控疫情 天津在行动#,转发,7,9,2022-04-09
沿江检察,04月08日 07:14,微博视频号,【当心！骗子蹭“流调”电话,6,5,16,2022-04-09
,,,,,,,2022-04-09
8099999,04月08日 07:13,iPhone XS,#加强疫情防控 云南在行动#,转发,评论,赞,2022-04-09
天津市人民检察院,04月08日 07:12,,#防控疫情 天津在行动#,转发,6,6,2022-04-09
桃小枝枝枝,04月08日 07:11,iPhone 12 Pro Max,#宁波疫情#,1,17,11,2022-04-09
语文阅刊,04月08日 07:09,微博视频号,【辛苦了！,转发,评论,8,2022-04-09
生活日报,04月08日 07:08,微博 weibo.com,#4月7日山东新冠肺炎疫情情况#,转发,评论,1,2022-04-09
菏泽市人民检察院,04月08日 07:07,微博视频号,#菏检播报#,18,43,75,2022-04-09
湛泸剑,04月08日 07:04,,#济南疫情#,转发,2,3,2022-04-09
醉合肥,04月08日 07:04,,#合肥疫情#,转发,评论,1,2022-04-09
河北新闻网,04月08日 07:04,,【,5,1,22,2022-04-09
徐州同城会,04月08日 06:59,Redmi K20 Pro 尊享版,云龙区关于开展重点区域重点人群核酸检测的通告,2,4,6,2022-04-09
我觉得黄小球很棒,04月08日 06:57 转赞人数超过10,365日碎片超话,𝟰.𝟳,转发,14,13,2022-04-09
延边发布,04月08日 06:55,微博 weibo.com,【延边州关于新型冠状病毒肺炎疫情的通报】4月7日0-24时，延边州无新增本地确诊病例；无新增无症状感染者。解除医学隔离无症状感染者3例。自3月1日以来，累计报告确诊病例117例（轻型107例、普通型8例、重型1例、危重型1例）、无症状感染者80例。累计治愈出院确诊病例109例、解除医学隔离无症状感染者7 ​,1,评论,2,2022-04-09
深圳小天,04月08日 06:50 转赞人数超过600,深圳小天超话,疫情，爆发，缺……缺屠夫……好眼熟,31,121,970,2022-04-09
天水事儿,04月08日 06:50,微博 weibo.com,【,27,评论,23,2022-04-09
小李哥在英国,04月08日 06:39,iPhone客户端,Omicron的两个变种亚株造成英国1月和3月的感染高峰,转发,评论,2,2022-04-09
安徽商报,04月08日 06:36,HarmonyOS设备,【关于蜀山区小庙镇西城梅苑工地发生疫情追究相关人员责任的通报】经公安机关调查，4月6日筛查发现的蜀山区小庙镇无症状感染者舒某某，其工作地西城梅苑安置点工地承建方中国建筑第六工程局有限公司执行经理陆某未严格履行疫情防控主体责任；施工劳务单位涡阳县恒泰水利建设工程有限公司负责人王某某违 ​,转发,1,1,2022-04-09
北京青年报,04月08日 06:33 转赞人数超过100,微博 weibo.com,【,9,90,162,2022-04-09
合肥月老蜀黍,04月08日 06:31 转赞人数超过10,征婚交友超话,#互动问题#,3,55,40,2022-04-09
杭州圈,04月08日 06:03,杭州圈超话,,1,1,2,2022-04-09
痴嗔本真_JensenAckles重症患者,04月08日 05:39 转赞人数超过300,HUAWEI P40 Pro 5G,O,364,39,104,2022-04-09
,,,,,,,2022-04-09
苏州公安,04月08日 05:36 转赞人数超过10,微博视频号,#苏州战疫#,3,评论,14,2022-04-09
Uchiha·itachi·,04月08日 05:21 转赞人数超过20,OPPO A96 5G,#宠物不该沦为疫情的牺牲品#,1,33,55,2022-04-09
嘉兴咖啡爸爸,04月08日 05:00,微博 weibo.com,#嘉兴身边事#,6,6,4,2022-04-09
锦州三合君,04月08日 01:38 转赞人数超过10,锦州身边事超话,#锦州爆料#,6,30,30,2022-04-09
风的节奏吹,04月07日 23:46,,#上海疫情#,1,10,13,2022-04-09
上海流浪天使救助行动,04月07日 23:30,微博视频号,#居委会回应柯基被拖路边处理#,2,1,8,2022-04-09
北京青年报,04月07日 23:06 转赞人数超过400,微博 weibo.com,【北京海淀新增2名新冠感染者,39,141,263,2022-04-09
张允晨,04月07日 23:01 转赞人数超过3万,微博视频号,#假如疫情明天结束了#,4160,2151,25358,2022-04-09
魔力山竹唛哩唛哩轰,04月07日 22:42,kigurumi超话,,转发,10,13,2022-04-09
添喜lucklily,04月07日 22:42,杭州新闻超话,疫情无情人有情，来了杭州就是杭州人！钱塘城管白杨执法队为在停车场进行防疫检查的各地货运司机免费送上爱心翕饭实在是太感人了！,转发,评论,6,2022-04-09
汕头楼事,04月07日 22:38,iPhone客户端,#疫情结束来趟汕头吧#,转发,1,7,2022-04-09
emilie小雪,04月07日 22:37 转赞人数超过200,iPhone 12 Pro Max,2月末做的最明智的两个决定：,5,69,241,2022-04-09
铜陵城事,04月07日 22:34,铜陵超话,【关于铜陵解除部分区域封控管控措施的通告】,转发,评论,154,2022-04-09
xiao可爱-胖丁aNd唐唐,04月07日 22:30,柯基超话,#宠物不该沦为疫情的牺牲品#,转发,评论,9,2022-04-09
付亮的竞争情报应用,04月07日 22:19 转赞人数超过10,流程审计超话,上海、长春这次奥密克戎疫情为什么这么凶？为什么江苏、浙江、广州、哈尔滨几次出现疫情，都很快就灭掉了，大连、泉州疫情也没形成规模。你会发现有一个共同点？,6,7,26,2022-04-09
Carrrlotta,04月07日 22:13,微博视频号,LIFE HOUSE 01 | 我在上海的出租屋,转发,评论,1,2022-04-09
新华社,04月07日 22:09 转赞人数超过300,微博 weibo.com,【,28,114,635,2022-04-09
新浪福建,04月07日 22:05 转赞人数超过2万;,04月07日 18:35,【,538,1780,18630,2022-04-09
厦门广电,04月07日 22:04 转赞人数超过800,微博视频号,【全力守“沪” 厦门来了！,58,90,1383,2022-04-09
金小群_婚姻律师,04月07日 21:45,能断金刚智慧共修超话,,转发,2,5,2022-04-09
,,,,,,,2022-04-09
